id_temps,jour,mois,annee,date_complete
1,1,1,2019,2019-01-01
2,2,1,2019,2019-01-02
3,3,1,2019,2019-01-03
4,4,1,2019,2019-01-04
5,5,1,2019,2019-01-05
6,6,1,2019,2019-01-06
7,7,1,2019,2019-01-07
8,8,1,2019,2019-01-08
9,9,1,2019,2019-01-09
10,10,1,2019,2019-01-10
11,11,1,2019,2019-01-11
12,12,1,2019,2019-01-12
13,13,1,2019,2019-01-13
14,14,1,2019,2019-01-14
15,15,1,2019,2019-01-15
16,16,1,2019,2019-01-16
17,17,1,2019,2019-01-17
18,18,1,2019,2019-01-18
19,19,1,2019,2019-01-19
20,20,1,2019,2019-01-20
21,21,1,2019,2019-01-21
22,22,1,2019,2019-01-22
23,23,1,2019,2019-01-23
24,24,1,2019,2019-01-24
25,25,1,2019,2019-01-25
26,26,1,2019,2019-01-26
27,27,1,2019,2019-01-27
28,28,1,2019,2019-01-28
29,29,1,2019,2019-01-29
30,30,1,2019,2019-01-30
31,31,1,2019,2019-01-31
32,1,2,2019,2019-02-01
33,2,2,2019,2019-02-02
34,3,2,2019,2019-02-03
35,4,2,2019,2019-02-04
36,5,2,2019,2019-02-05
37,6,2,2019,2019-02-06
38,7,2,2019,2019-02-07
39,8,2,2019,2019-02-08
40,9,2,2019,2019-02-09
41,10,2,2019,2019-02-10
42,11,2,2019,2019-02-11
43,12,2,2019,2019-02-12
44,13,2,2019,2019-02-13
45,14,2,2019,2019-02-14
46,15,2,2019,2019-02-15
47,16,2,2019,2019-02-16
48,17,2,2019,2019-02-17
49,18,2,2019,2019-02-18
50,19,2,2019,2019-02-19
51,20,2,2019,2019-02-20
52,21,2,2019,2019-02-21
53,22,2,2019,2019-02-22
54,23,2,2019,2019-02-23
55,24,2,2019,2019-02-24
56,25,2,2019,2019-02-25
57,26,2,2019,2019-02-26
58,27,2,2019,2019-02-27
59,28,2,2019,2019-02-28
60,1,3,2019,2019-03-01
61,2,3,2019,2019-03-02
62,3,3,2019,2019-03-03
63,4,3,2019,2019-03-04
64,5,3,2019,2019-03-05
65,6,3,2019,2019-03-06
66,7,3,2019,2019-03-07
67,8,3,2019,2019-03-08
68,9,3,2019,2019-03-09
69,10,3,2019,2019-03-10
70,11,3,2019,2019-03-11
71,12,3,2019,2019-03-12
72,13,3,2019,2019-03-13
73,14,3,2019,2019-03-14
74,15,3,2019,2019-03-15
75,16,3,2019,2019-03-16
76,17,3,2019,2019-03-17
77,18,3,2019,2019-03-18
78,19,3,2019,2019-03-19
79,20,3,2019,2019-03-20
80,21,3,2019,2019-03-21
81,22,3,2019,2019-03-22
82,23,3,2019,2019-03-23
83,24,3,2019,2019-03-24
84,25,3,2019,2019-03-25
85,26,3,2019,2019-03-26
86,27,3,2019,2019-03-27
87,28,3,2019,2019-03-28
88,29,3,2019,2019-03-29
89,30,3,2019,2019-03-30
90,31,3,2019,2019-03-31
91,1,4,2019,2019-04-01
92,2,4,2019,2019-04-02
93,3,4,2019,2019-04-03
94,4,4,2019,2019-04-04
95,5,4,2019,2019-04-05
96,6,4,2019,2019-04-06
97,7,4,2019,2019-04-07
98,8,4,2019,2019-04-08
99,9,4,2019,2019-04-09
100,10,4,2019,2019-04-10
101,11,4,2019,2019-04-11
102,12,4,2019,2019-04-12
103,13,4,2019,2019-04-13
104,14,4,2019,2019-04-14
105,15,4,2019,2019-04-15
106,16,4,2019,2019-04-16
107,17,4,2019,2019-04-17
108,18,4,2019,2019-04-18
109,19,4,2019,2019-04-19
110,20,4,2019,2019-04-20
111,21,4,2019,2019-04-21
112,22,4,2019,2019-04-22
113,23,4,2019,2019-04-23
114,24,4,2019,2019-04-24
115,25,4,2019,2019-04-25
116,26,4,2019,2019-04-26
117,27,4,2019,2019-04-27
118,28,4,2019,2019-04-28
119,29,4,2019,2019-04-29
120,30,4,2019,2019-04-30
121,1,5,2019,2019-05-01
122,2,5,2019,2019-05-02
123,3,5,2019,2019-05-03
124,4,5,2019,2019-05-04
125,5,5,2019,2019-05-05
126,6,5,2019,2019-05-06
127,7,5,2019,2019-05-07
128,8,5,2019,2019-05-08
129,9,5,2019,2019-05-09
130,10,5,2019,2019-05-10
131,11,5,2019,2019-05-11
132,12,5,2019,2019-05-12
133,13,5,2019,2019-05-13
134,14,5,2019,2019-05-14
135,15,5,2019,2019-05-15
136,16,5,2019,2019-05-16
137,17,5,2019,2019-05-17
138,18,5,2019,2019-05-18
139,19,5,2019,2019-05-19
140,20,5,2019,2019-05-20
141,21,5,2019,2019-05-21
142,22,5,2019,2019-05-22
143,23,5,2019,2019-05-23
144,24,5,2019,2019-05-24
145,25,5,2019,2019-05-25
146,26,5,2019,2019-05-26
147,27,5,2019,2019-05-27
148,28,5,2019,2019-05-28
149,29,5,2019,2019-05-29
150,30,5,2019,2019-05-30
151,31,5,2019,2019-05-31
152,1,6,2019,2019-06-01
153,2,6,2019,2019-06-02
154,3,6,2019,2019-06-03
155,4,6,2019,2019-06-04
156,5,6,2019,2019-06-05
157,6,6,2019,2019-06-06
158,7,6,2019,2019-06-07
159,8,6,2019,2019-06-08
160,9,6,2019,2019-06-09
161,10,6,2019,2019-06-10
162,11,6,2019,2019-06-11
163,12,6,2019,2019-06-12
164,13,6,2019,2019-06-13
165,14,6,2019,2019-06-14
166,15,6,2019,2019-06-15
167,16,6,2019,2019-06-16
168,17,6,2019,2019-06-17
169,18,6,2019,2019-06-18
170,19,6,2019,2019-06-19
171,20,6,2019,2019-06-20
172,21,6,2019,2019-06-21
173,22,6,2019,2019-06-22
174,23,6,2019,2019-06-23
175,24,6,2019,2019-06-24
176,25,6,2019,2019-06-25
177,26,6,2019,2019-06-26
178,27,6,2019,2019-06-27
179,28,6,2019,2019-06-28
180,29,6,2019,2019-06-29
181,30,6,2019,2019-06-30
182,1,7,2019,2019-07-01
183,2,7,2019,2019-07-02
184,3,7,2019,2019-07-03
185,4,7,2019,2019-07-04
186,5,7,2019,2019-07-05
187,6,7,2019,2019-07-06
188,7,7,2019,2019-07-07
189,8,7,2019,2019-07-08
190,9,7,2019,2019-07-09
191,10,7,2019,2019-07-10
192,11,7,2019,2019-07-11
193,12,7,2019,2019-07-12
194,13,7,2019,2019-07-13
195,14,7,2019,2019-07-14
196,15,7,2019,2019-07-15
197,16,7,2019,2019-07-16
198,17,7,2019,2019-07-17
199,18,7,2019,2019-07-18
200,19,7,2019,2019-07-19
201,20,7,2019,2019-07-20
202,21,7,2019,2019-07-21
203,22,7,2019,2019-07-22
204,23,7,2019,2019-07-23
205,24,7,2019,2019-07-24
206,25,7,2019,2019-07-25
207,26,7,2019,2019-07-26
208,27,7,2019,2019-07-27
209,28,7,2019,2019-07-28
210,29,7,2019,2019-07-29
211,30,7,2019,2019-07-30
212,31,7,2019,2019-07-31
213,1,8,2019,2019-08-01
214,2,8,2019,2019-08-02
215,3,8,2019,2019-08-03
216,4,8,2019,2019-08-04
217,5,8,2019,2019-08-05
218,6,8,2019,2019-08-06
219,7,8,2019,2019-08-07
220,8,8,2019,2019-08-08
221,9,8,2019,2019-08-09
222,10,8,2019,2019-08-10
223,11,8,2019,2019-08-11
224,12,8,2019,2019-08-12
225,13,8,2019,2019-08-13
226,14,8,2019,2019-08-14
227,15,8,2019,2019-08-15
228,16,8,2019,2019-08-16
229,17,8,2019,2019-08-17
230,18,8,2019,2019-08-18
231,19,8,2019,2019-08-19
232,20,8,2019,2019-08-20
233,21,8,2019,2019-08-21
234,22,8,2019,2019-08-22
235,23,8,2019,2019-08-23
236,24,8,2019,2019-08-24
237,25,8,2019,2019-08-25
238,26,8,2019,2019-08-26
239,27,8,2019,2019-08-27
240,28,8,2019,2019-08-28
241,29,8,2019,2019-08-29
242,30,8,2019,2019-08-30
243,31,8,2019,2019-08-31
244,1,9,2019,2019-09-01
245,2,9,2019,2019-09-02
246,3,9,2019,2019-09-03
247,4,9,2019,2019-09-04
248,5,9,2019,2019-09-05
249,6,9,2019,2019-09-06
250,7,9,2019,2019-09-07
251,8,9,2019,2019-09-08
252,9,9,2019,2019-09-09
253,10,9,2019,2019-09-10
254,11,9,2019,2019-09-11
255,12,9,2019,2019-09-12
256,13,9,2019,2019-09-13
257,14,9,2019,2019-09-14
258,15,9,2019,2019-09-15
259,16,9,2019,2019-09-16
260,17,9,2019,2019-09-17
261,18,9,2019,2019-09-18
262,19,9,2019,2019-09-19
263,20,9,2019,2019-09-20
264,21,9,2019,2019-09-21
265,22,9,2019,2019-09-22
266,23,9,2019,2019-09-23
267,24,9,2019,2019-09-24
268,25,9,2019,2019-09-25
269,26,9,2019,2019-09-26
270,27,9,2019,2019-09-27
271,28,9,2019,2019-09-28
272,29,9,2019,2019-09-29
273,30,9,2019,2019-09-30
274,1,10,2019,2019-10-01
275,2,10,2019,2019-10-02
276,3,10,2019,2019-10-03
277,4,10,2019,2019-10-04
278,5,10,2019,2019-10-05
279,6,10,2019,2019-10-06
280,7,10,2019,2019-10-07
281,8,10,2019,2019-10-08
282,9,10,2019,2019-10-09
283,10,10,2019,2019-10-10
284,11,10,2019,2019-10-11
285,12,10,2019,2019-10-12
286,13,10,2019,2019-10-13
287,14,10,2019,2019-10-14
288,15,10,2019,2019-10-15
289,16,10,2019,2019-10-16
290,17,10,2019,2019-10-17
291,18,10,2019,2019-10-18
292,19,10,2019,2019-10-19
293,20,10,2019,2019-10-20
294,21,10,2019,2019-10-21
295,22,10,2019,2019-10-22
296,23,10,2019,2019-10-23
297,24,10,2019,2019-10-24
298,25,10,2019,2019-10-25
299,26,10,2019,2019-10-26
300,27,10,2019,2019-10-27
301,28,10,2019,2019-10-28
302,29,10,2019,2019-10-29
303,30,10,2019,2019-10-30
304,31,10,2019,2019-10-31
305,1,11,2019,2019-11-01
306,2,11,2019,2019-11-02
307,3,11,2019,2019-11-03
308,4,11,2019,2019-11-04
309,5,11,2019,2019-11-05
310,6,11,2019,2019-11-06
311,7,11,2019,2019-11-07
312,8,11,2019,2019-11-08
313,9,11,2019,2019-11-09
314,10,11,2019,2019-11-10
315,11,11,2019,2019-11-11
316,12,11,2019,2019-11-12
317,13,11,2019,2019-11-13
318,14,11,2019,2019-11-14
319,15,11,2019,2019-11-15
320,16,11,2019,2019-11-16
321,17,11,2019,2019-11-17
322,18,11,2019,2019-11-18
323,19,11,2019,2019-11-19
324,20,11,2019,2019-11-20
325,21,11,2019,2019-11-21
326,22,11,2019,2019-11-22
327,23,11,2019,2019-11-23
328,24,11,2019,2019-11-24
329,25,11,2019,2019-11-25
330,26,11,2019,2019-11-26
331,27,11,2019,2019-11-27
332,28,11,2019,2019-11-28
333,29,11,2019,2019-11-29
334,30,11,2019,2019-11-30
335,1,12,2019,2019-12-01
336,2,12,2019,2019-12-02
337,3,12,2019,2019-12-03
338,4,12,2019,2019-12-04
339,5,12,2019,2019-12-05
340,6,12,2019,2019-12-06
341,7,12,2019,2019-12-07
342,8,12,2019,2019-12-08
343,9,12,2019,2019-12-09
344,10,12,2019,2019-12-10
345,11,12,2019,2019-12-11
346,12,12,2019,2019-12-12
347,13,12,2019,2019-12-13
348,14,12,2019,2019-12-14
349,15,12,2019,2019-12-15
350,16,12,2019,2019-12-16
351,17,12,2019,2019-12-17
352,18,12,2019,2019-12-18
353,19,12,2019,2019-12-19
354,20,12,2019,2019-12-20
355,21,12,2019,2019-12-21
356,22,12,2019,2019-12-22
357,23,12,2019,2019-12-23
358,24,12,2019,2019-12-24
359,25,12,2019,2019-12-25
360,26,12,2019,2019-12-26
361,27,12,2019,2019-12-27
362,28,12,2019,2019-12-28
363,29,12,2019,2019-12-29
364,30,12,2019,2019-12-30
365,31,12,2019,2019-12-31
366,1,1,2020,2020-01-01
367,2,1,2020,2020-01-02
368,3,1,2020,2020-01-03
369,4,1,2020,2020-01-04
370,5,1,2020,2020-01-05
371,6,1,2020,2020-01-06
372,7,1,2020,2020-01-07
373,8,1,2020,2020-01-08
374,9,1,2020,2020-01-09
375,10,1,2020,2020-01-10
376,11,1,2020,2020-01-11
377,12,1,2020,2020-01-12
378,13,1,2020,2020-01-13
379,14,1,2020,2020-01-14
380,15,1,2020,2020-01-15
381,16,1,2020,2020-01-16
382,17,1,2020,2020-01-17
383,18,1,2020,2020-01-18
384,19,1,2020,2020-01-19
385,20,1,2020,2020-01-20
386,21,1,2020,2020-01-21
387,22,1,2020,2020-01-22
388,23,1,2020,2020-01-23
389,24,1,2020,2020-01-24
390,25,1,2020,2020-01-25
391,26,1,2020,2020-01-26
392,27,1,2020,2020-01-27
393,28,1,2020,2020-01-28
394,29,1,2020,2020-01-29
395,30,1,2020,2020-01-30
396,31,1,2020,2020-01-31
397,1,2,2020,2020-02-01
398,2,2,2020,2020-02-02
399,3,2,2020,2020-02-03
400,4,2,2020,2020-02-04
401,5,2,2020,2020-02-05
402,6,2,2020,2020-02-06
403,7,2,2020,2020-02-07
404,8,2,2020,2020-02-08
405,9,2,2020,2020-02-09
406,10,2,2020,2020-02-10
407,11,2,2020,2020-02-11
408,12,2,2020,2020-02-12
409,13,2,2020,2020-02-13
410,14,2,2020,2020-02-14
411,15,2,2020,2020-02-15
412,16,2,2020,2020-02-16
413,17,2,2020,2020-02-17
414,18,2,2020,2020-02-18
415,19,2,2020,2020-02-19
416,20,2,2020,2020-02-20
417,21,2,2020,2020-02-21
418,22,2,2020,2020-02-22
419,23,2,2020,2020-02-23
420,24,2,2020,2020-02-24
421,25,2,2020,2020-02-25
422,26,2,2020,2020-02-26
423,27,2,2020,2020-02-27
424,28,2,2020,2020-02-28
425,29,2,2020,2020-02-29
426,1,3,2020,2020-03-01
427,2,3,2020,2020-03-02
428,3,3,2020,2020-03-03
429,4,3,2020,2020-03-04
430,5,3,2020,2020-03-05
431,6,3,2020,2020-03-06
432,7,3,2020,2020-03-07
433,8,3,2020,2020-03-08
434,9,3,2020,2020-03-09
435,10,3,2020,2020-03-10
436,11,3,2020,2020-03-11
437,12,3,2020,2020-03-12
438,13,3,2020,2020-03-13
439,14,3,2020,2020-03-14
440,15,3,2020,2020-03-15
441,16,3,2020,2020-03-16
442,17,3,2020,2020-03-17
443,18,3,2020,2020-03-18
444,19,3,2020,2020-03-19
445,20,3,2020,2020-03-20
446,21,3,2020,2020-03-21
447,22,3,2020,2020-03-22
448,23,3,2020,2020-03-23
449,24,3,2020,2020-03-24
450,25,3,2020,2020-03-25
451,26,3,2020,2020-03-26
452,27,3,2020,2020-03-27
453,28,3,2020,2020-03-28
454,29,3,2020,2020-03-29
455,30,3,2020,2020-03-30
456,31,3,2020,2020-03-31
457,1,4,2020,2020-04-01
458,2,4,2020,2020-04-02
459,3,4,2020,2020-04-03
460,4,4,2020,2020-04-04
461,5,4,2020,2020-04-05
462,6,4,2020,2020-04-06
463,7,4,2020,2020-04-07
464,8,4,2020,2020-04-08
465,9,4,2020,2020-04-09
466,10,4,2020,2020-04-10
467,11,4,2020,2020-04-11
468,12,4,2020,2020-04-12
469,13,4,2020,2020-04-13
470,14,4,2020,2020-04-14
471,15,4,2020,2020-04-15
472,16,4,2020,2020-04-16
473,17,4,2020,2020-04-17
474,18,4,2020,2020-04-18
475,19,4,2020,2020-04-19
476,20,4,2020,2020-04-20
477,21,4,2020,2020-04-21
478,22,4,2020,2020-04-22
479,23,4,2020,2020-04-23
480,24,4,2020,2020-04-24
481,25,4,2020,2020-04-25
482,26,4,2020,2020-04-26
483,27,4,2020,2020-04-27
484,28,4,2020,2020-04-28
485,29,4,2020,2020-04-29
486,30,4,2020,2020-04-30
487,1,5,2020,2020-05-01
488,2,5,2020,2020-05-02
489,3,5,2020,2020-05-03
490,4,5,2020,2020-05-04
491,5,5,2020,2020-05-05
492,6,5,2020,2020-05-06
493,7,5,2020,2020-05-07
494,8,5,2020,2020-05-08
495,9,5,2020,2020-05-09
496,10,5,2020,2020-05-10
497,11,5,2020,2020-05-11
498,12,5,2020,2020-05-12
499,13,5,2020,2020-05-13
500,14,5,2020,2020-05-14
501,15,5,2020,2020-05-15
502,16,5,2020,2020-05-16
503,17,5,2020,2020-05-17
504,18,5,2020,2020-05-18
505,19,5,2020,2020-05-19
506,20,5,2020,2020-05-20
507,21,5,2020,2020-05-21
508,22,5,2020,2020-05-22
509,23,5,2020,2020-05-23
510,24,5,2020,2020-05-24
511,25,5,2020,2020-05-25
512,26,5,2020,2020-05-26
513,27,5,2020,2020-05-27
514,28,5,2020,2020-05-28
515,29,5,2020,2020-05-29
516,30,5,2020,2020-05-30
517,31,5,2020,2020-05-31
518,1,6,2020,2020-06-01
519,2,6,2020,2020-06-02
520,3,6,2020,2020-06-03
521,4,6,2020,2020-06-04
522,5,6,2020,2020-06-05
523,6,6,2020,2020-06-06
524,7,6,2020,2020-06-07
525,8,6,2020,2020-06-08
526,9,6,2020,2020-06-09
527,10,6,2020,2020-06-10
528,11,6,2020,2020-06-11
529,12,6,2020,2020-06-12
530,13,6,2020,2020-06-13
531,14,6,2020,2020-06-14
532,15,6,2020,2020-06-15
533,16,6,2020,2020-06-16
534,17,6,2020,2020-06-17
535,18,6,2020,2020-06-18
536,19,6,2020,2020-06-19
537,20,6,2020,2020-06-20
538,21,6,2020,2020-06-21
539,22,6,2020,2020-06-22
540,23,6,2020,2020-06-23
541,24,6,2020,2020-06-24
542,25,6,2020,2020-06-25
543,26,6,2020,2020-06-26
544,27,6,2020,2020-06-27
545,28,6,2020,2020-06-28
546,29,6,2020,2020-06-29
547,30,6,2020,2020-06-30
548,1,7,2020,2020-07-01
549,2,7,2020,2020-07-02
550,3,7,2020,2020-07-03
551,4,7,2020,2020-07-04
552,5,7,2020,2020-07-05
553,6,7,2020,2020-07-06
554,7,7,2020,2020-07-07
555,8,7,2020,2020-07-08
556,9,7,2020,2020-07-09
557,10,7,2020,2020-07-10
558,11,7,2020,2020-07-11
559,12,7,2020,2020-07-12
560,13,7,2020,2020-07-13
561,14,7,2020,2020-07-14
562,15,7,2020,2020-07-15
563,16,7,2020,2020-07-16
564,17,7,2020,2020-07-17
565,18,7,2020,2020-07-18
566,19,7,2020,2020-07-19
567,20,7,2020,2020-07-20
568,21,7,2020,2020-07-21
569,22,7,2020,2020-07-22
570,23,7,2020,2020-07-23
571,24,7,2020,2020-07-24
572,25,7,2020,2020-07-25
573,26,7,2020,2020-07-26
574,27,7,2020,2020-07-27
575,28,7,2020,2020-07-28
576,29,7,2020,2020-07-29
577,30,7,2020,2020-07-30
578,31,7,2020,2020-07-31
579,1,8,2020,2020-08-01
580,2,8,2020,2020-08-02
581,3,8,2020,2020-08-03
582,4,8,2020,2020-08-04
583,5,8,2020,2020-08-05
584,6,8,2020,2020-08-06
585,7,8,2020,2020-08-07
586,8,8,2020,2020-08-08
587,9,8,2020,2020-08-09
588,10,8,2020,2020-08-10
589,11,8,2020,2020-08-11
590,12,8,2020,2020-08-12
591,13,8,2020,2020-08-13
592,14,8,2020,2020-08-14
593,15,8,2020,2020-08-15
594,16,8,2020,2020-08-16
595,17,8,2020,2020-08-17
596,18,8,2020,2020-08-18
597,19,8,2020,2020-08-19
598,20,8,2020,2020-08-20
599,21,8,2020,2020-08-21
600,22,8,2020,2020-08-22
601,23,8,2020,2020-08-23
602,24,8,2020,2020-08-24
603,25,8,2020,2020-08-25
604,26,8,2020,2020-08-26
605,27,8,2020,2020-08-27
606,28,8,2020,2020-08-28
607,29,8,2020,2020-08-29
608,30,8,2020,2020-08-30
609,31,8,2020,2020-08-31
610,1,9,2020,2020-09-01
611,2,9,2020,2020-09-02
612,3,9,2020,2020-09-03
613,4,9,2020,2020-09-04
614,5,9,2020,2020-09-05
615,6,9,2020,2020-09-06
616,7,9,2020,2020-09-07
617,8,9,2020,2020-09-08
618,9,9,2020,2020-09-09
619,10,9,2020,2020-09-10
620,11,9,2020,2020-09-11
621,12,9,2020,2020-09-12
622,13,9,2020,2020-09-13
623,14,9,2020,2020-09-14
624,15,9,2020,2020-09-15
625,16,9,2020,2020-09-16
626,17,9,2020,2020-09-17
627,18,9,2020,2020-09-18
628,19,9,2020,2020-09-19
629,20,9,2020,2020-09-20
630,21,9,2020,2020-09-21
631,22,9,2020,2020-09-22
632,23,9,2020,2020-09-23
633,24,9,2020,2020-09-24
634,25,9,2020,2020-09-25
635,26,9,2020,2020-09-26
636,27,9,2020,2020-09-27
637,28,9,2020,2020-09-28
638,29,9,2020,2020-09-29
639,30,9,2020,2020-09-30
640,1,10,2020,2020-10-01
641,2,10,2020,2020-10-02
642,3,10,2020,2020-10-03
643,4,10,2020,2020-10-04
644,5,10,2020,2020-10-05
645,6,10,2020,2020-10-06
646,7,10,2020,2020-10-07
647,8,10,2020,2020-10-08
648,9,10,2020,2020-10-09
649,10,10,2020,2020-10-10
650,11,10,2020,2020-10-11
651,12,10,2020,2020-10-12
652,13,10,2020,2020-10-13
653,14,10,2020,2020-10-14
654,15,10,2020,2020-10-15
655,16,10,2020,2020-10-16
656,17,10,2020,2020-10-17
657,18,10,2020,2020-10-18
658,19,10,2020,2020-10-19
659,20,10,2020,2020-10-20
660,21,10,2020,2020-10-21
661,22,10,2020,2020-10-22
662,23,10,2020,2020-10-23
663,24,10,2020,2020-10-24
664,25,10,2020,2020-10-25
665,26,10,2020,2020-10-26
666,27,10,2020,2020-10-27
667,28,10,2020,2020-10-28
668,29,10,2020,2020-10-29
669,30,10,2020,2020-10-30
670,31,10,2020,2020-10-31
671,1,11,2020,2020-11-01
672,2,11,2020,2020-11-02
673,3,11,2020,2020-11-03
674,4,11,2020,2020-11-04
675,5,11,2020,2020-11-05
676,6,11,2020,2020-11-06
677,7,11,2020,2020-11-07
678,8,11,2020,2020-11-08
679,9,11,2020,2020-11-09
680,10,11,2020,2020-11-10
681,11,11,2020,2020-11-11
682,12,11,2020,2020-11-12
683,13,11,2020,2020-11-13
684,14,11,2020,2020-11-14
685,15,11,2020,2020-11-15
686,16,11,2020,2020-11-16
687,17,11,2020,2020-11-17
688,18,11,2020,2020-11-18
689,19,11,2020,2020-11-19
690,20,11,2020,2020-11-20
691,21,11,2020,2020-11-21
692,22,11,2020,2020-11-22
693,23,11,2020,2020-11-23
694,24,11,2020,2020-11-24
695,25,11,2020,2020-11-25
696,26,11,2020,2020-11-26
697,27,11,2020,2020-11-27
698,28,11,2020,2020-11-28
699,29,11,2020,2020-11-29
700,30,11,2020,2020-11-30
701,1,12,2020,2020-12-01
702,2,12,2020,2020-12-02
703,3,12,2020,2020-12-03
704,4,12,2020,2020-12-04
705,5,12,2020,2020-12-05
706,6,12,2020,2020-12-06
707,7,12,2020,2020-12-07
708,8,12,2020,2020-12-08
709,9,12,2020,2020-12-09
710,10,12,2020,2020-12-10
711,11,12,2020,2020-12-11
712,12,12,2020,2020-12-12
713,13,12,2020,2020-12-13
714,14,12,2020,2020-12-14
715,15,12,2020,2020-12-15
716,16,12,2020,2020-12-16
717,17,12,2020,2020-12-17
718,18,12,2020,2020-12-18
719,19,12,2020,2020-12-19
720,20,12,2020,2020-12-20
721,21,12,2020,2020-12-21
722,22,12,2020,2020-12-22
723,23,12,2020,2020-12-23
724,24,12,2020,2020-12-24
725,25,12,2020,2020-12-25
726,26,12,2020,2020-12-26
727,27,12,2020,2020-12-27
728,28,12,2020,2020-12-28
729,29,12,2020,2020-12-29
730,30,12,2020,2020-12-30
731,31,12,2020,2020-12-31
732,1,1,2021,2021-01-01
733,2,1,2021,2021-01-02
734,3,1,2021,2021-01-03
735,4,1,2021,2021-01-04
736,5,1,2021,2021-01-05
737,6,1,2021,2021-01-06
738,7,1,2021,2021-01-07
739,8,1,2021,2021-01-08
740,9,1,2021,2021-01-09
741,10,1,2021,2021-01-10
742,11,1,2021,2021-01-11
743,12,1,2021,2021-01-12
744,13,1,2021,2021-01-13
745,14,1,2021,2021-01-14
746,15,1,2021,2021-01-15
747,16,1,2021,2021-01-16
748,17,1,2021,2021-01-17
749,18,1,2021,2021-01-18
750,19,1,2021,2021-01-19
751,20,1,2021,2021-01-20
752,21,1,2021,2021-01-21
753,22,1,2021,2021-01-22
754,23,1,2021,2021-01-23
755,24,1,2021,2021-01-24
756,25,1,2021,2021-01-25
757,26,1,2021,2021-01-26
758,27,1,2021,2021-01-27
759,28,1,2021,2021-01-28
760,29,1,2021,2021-01-29
761,30,1,2021,2021-01-30
762,31,1,2021,2021-01-31
763,1,2,2021,2021-02-01
764,2,2,2021,2021-02-02
765,3,2,2021,2021-02-03
766,4,2,2021,2021-02-04
767,5,2,2021,2021-02-05
768,6,2,2021,2021-02-06
769,7,2,2021,2021-02-07
770,8,2,2021,2021-02-08
771,9,2,2021,2021-02-09
772,10,2,2021,2021-02-10
773,11,2,2021,2021-02-11
774,12,2,2021,2021-02-12
775,13,2,2021,2021-02-13
776,14,2,2021,2021-02-14
777,15,2,2021,2021-02-15
778,16,2,2021,2021-02-16
779,17,2,2021,2021-02-17
780,18,2,2021,2021-02-18
781,19,2,2021,2021-02-19
782,20,2,2021,2021-02-20
783,21,2,2021,2021-02-21
784,22,2,2021,2021-02-22
785,23,2,2021,2021-02-23
786,24,2,2021,2021-02-24
787,25,2,2021,2021-02-25
788,26,2,2021,2021-02-26
789,27,2,2021,2021-02-27
790,28,2,2021,2021-02-28
791,1,3,2021,2021-03-01
792,2,3,2021,2021-03-02
793,3,3,2021,2021-03-03
794,4,3,2021,2021-03-04
795,5,3,2021,2021-03-05
796,6,3,2021,2021-03-06
797,7,3,2021,2021-03-07
798,8,3,2021,2021-03-08
799,9,3,2021,2021-03-09
800,10,3,2021,2021-03-10
801,11,3,2021,2021-03-11
802,12,3,2021,2021-03-12
803,13,3,2021,2021-03-13
804,14,3,2021,2021-03-14
805,15,3,2021,2021-03-15
806,16,3,2021,2021-03-16
807,17,3,2021,2021-03-17
808,18,3,2021,2021-03-18
809,19,3,2021,2021-03-19
810,20,3,2021,2021-03-20
811,21,3,2021,2021-03-21
812,22,3,2021,2021-03-22
813,23,3,2021,2021-03-23
814,24,3,2021,2021-03-24
815,25,3,2021,2021-03-25
816,26,3,2021,2021-03-26
817,27,3,2021,2021-03-27
818,28,3,2021,2021-03-28
819,29,3,2021,2021-03-29
820,30,3,2021,2021-03-30
821,31,3,2021,2021-03-31
822,1,4,2021,2021-04-01
823,2,4,2021,2021-04-02
824,3,4,2021,2021-04-03
825,4,4,2021,2021-04-04
826,5,4,2021,2021-04-05
827,6,4,2021,2021-04-06
828,7,4,2021,2021-04-07
829,8,4,2021,2021-04-08
830,9,4,2021,2021-04-09
831,10,4,2021,2021-04-10
832,11,4,2021,2021-04-11
833,12,4,2021,2021-04-12
834,13,4,2021,2021-04-13
835,14,4,2021,2021-04-14
836,15,4,2021,2021-04-15
837,16,4,2021,2021-04-16
838,17,4,2021,2021-04-17
839,18,4,2021,2021-04-18
840,19,4,2021,2021-04-19
841,20,4,2021,2021-04-20
842,21,4,2021,2021-04-21
843,22,4,2021,2021-04-22
844,23,4,2021,2021-04-23
845,24,4,2021,2021-04-24
846,25,4,2021,2021-04-25
847,26,4,2021,2021-04-26
848,27,4,2021,2021-04-27
849,28,4,2021,2021-04-28
850,29,4,2021,2021-04-29
851,30,4,2021,2021-04-30
852,1,5,2021,2021-05-01
853,2,5,2021,2021-05-02
854,3,5,2021,2021-05-03
855,4,5,2021,2021-05-04
856,5,5,2021,2021-05-05
857,6,5,2021,2021-05-06
858,7,5,2021,2021-05-07
859,8,5,2021,2021-05-08
860,9,5,2021,2021-05-09
861,10,5,2021,2021-05-10
862,11,5,2021,2021-05-11
863,12,5,2021,2021-05-12
864,13,5,2021,2021-05-13
865,14,5,2021,2021-05-14
866,15,5,2021,2021-05-15
867,16,5,2021,2021-05-16
868,17,5,2021,2021-05-17
869,18,5,2021,2021-05-18
870,19,5,2021,2021-05-19
871,20,5,2021,2021-05-20
872,21,5,2021,2021-05-21
873,22,5,2021,2021-05-22
874,23,5,2021,2021-05-23
875,24,5,2021,2021-05-24
876,25,5,2021,2021-05-25
877,26,5,2021,2021-05-26
878,27,5,2021,2021-05-27
879,28,5,2021,2021-05-28
880,29,5,2021,2021-05-29
881,30,5,2021,2021-05-30
882,31,5,2021,2021-05-31
883,1,6,2021,2021-06-01
884,2,6,2021,2021-06-02
885,3,6,2021,2021-06-03
886,4,6,2021,2021-06-04
887,5,6,2021,2021-06-05
888,6,6,2021,2021-06-06
889,7,6,2021,2021-06-07
890,8,6,2021,2021-06-08
891,9,6,2021,2021-06-09
892,10,6,2021,2021-06-10
893,11,6,2021,2021-06-11
894,12,6,2021,2021-06-12
895,13,6,2021,2021-06-13
896,14,6,2021,2021-06-14
897,15,6,2021,2021-06-15
898,16,6,2021,2021-06-16
899,17,6,2021,2021-06-17
900,18,6,2021,2021-06-18
901,19,6,2021,2021-06-19
902,20,6,2021,2021-06-20
903,21,6,2021,2021-06-21
904,22,6,2021,2021-06-22
905,23,6,2021,2021-06-23
906,24,6,2021,2021-06-24
907,25,6,2021,2021-06-25
908,26,6,2021,2021-06-26
909,27,6,2021,2021-06-27
910,28,6,2021,2021-06-28
911,29,6,2021,2021-06-29
912,30,6,2021,2021-06-30
913,1,7,2021,2021-07-01
914,2,7,2021,2021-07-02
915,3,7,2021,2021-07-03
916,4,7,2021,2021-07-04
917,5,7,2021,2021-07-05
918,6,7,2021,2021-07-06
919,7,7,2021,2021-07-07
920,8,7,2021,2021-07-08
921,9,7,2021,2021-07-09
922,10,7,2021,2021-07-10
923,11,7,2021,2021-07-11
924,12,7,2021,2021-07-12
925,13,7,2021,2021-07-13
926,14,7,2021,2021-07-14
927,15,7,2021,2021-07-15
928,16,7,2021,2021-07-16
929,17,7,2021,2021-07-17
930,18,7,2021,2021-07-18
931,19,7,2021,2021-07-19
932,20,7,2021,2021-07-20
933,21,7,2021,2021-07-21
934,22,7,2021,2021-07-22
935,23,7,2021,2021-07-23
936,24,7,2021,2021-07-24
937,25,7,2021,2021-07-25
938,26,7,2021,2021-07-26
939,27,7,2021,2021-07-27
940,28,7,2021,2021-07-28
941,29,7,2021,2021-07-29
942,30,7,2021,2021-07-30
943,31,7,2021,2021-07-31
944,1,8,2021,2021-08-01
945,2,8,2021,2021-08-02
946,3,8,2021,2021-08-03
947,4,8,2021,2021-08-04
948,5,8,2021,2021-08-05
949,6,8,2021,2021-08-06
950,7,8,2021,2021-08-07
951,8,8,2021,2021-08-08
952,9,8,2021,2021-08-09
953,10,8,2021,2021-08-10
954,11,8,2021,2021-08-11
955,12,8,2021,2021-08-12
956,13,8,2021,2021-08-13
957,14,8,2021,2021-08-14
958,15,8,2021,2021-08-15
959,16,8,2021,2021-08-16
960,17,8,2021,2021-08-17
961,18,8,2021,2021-08-18
962,19,8,2021,2021-08-19
963,20,8,2021,2021-08-20
964,21,8,2021,2021-08-21
965,22,8,2021,2021-08-22
966,23,8,2021,2021-08-23
967,24,8,2021,2021-08-24
968,25,8,2021,2021-08-25
969,26,8,2021,2021-08-26
970,27,8,2021,2021-08-27
971,28,8,2021,2021-08-28
972,29,8,2021,2021-08-29
973,30,8,2021,2021-08-30
974,31,8,2021,2021-08-31
975,1,9,2021,2021-09-01
976,2,9,2021,2021-09-02
977,3,9,2021,2021-09-03
978,4,9,2021,2021-09-04
979,5,9,2021,2021-09-05
980,6,9,2021,2021-09-06
981,7,9,2021,2021-09-07
982,8,9,2021,2021-09-08
983,9,9,2021,2021-09-09
984,10,9,2021,2021-09-10
985,11,9,2021,2021-09-11
986,12,9,2021,2021-09-12
987,13,9,2021,2021-09-13
988,14,9,2021,2021-09-14
989,15,9,2021,2021-09-15
990,16,9,2021,2021-09-16
991,17,9,2021,2021-09-17
992,18,9,2021,2021-09-18
993,19,9,2021,2021-09-19
994,20,9,2021,2021-09-20
995,21,9,2021,2021-09-21
996,22,9,2021,2021-09-22
997,23,9,2021,2021-09-23
998,24,9,2021,2021-09-24
999,25,9,2021,2021-09-25
1000,26,9,2021,2021-09-26
1001,27,9,2021,2021-09-27
1002,28,9,2021,2021-09-28
1003,29,9,2021,2021-09-29
1004,30,9,2021,2021-09-30
1005,1,10,2021,2021-10-01
1006,2,10,2021,2021-10-02
1007,3,10,2021,2021-10-03
1008,4,10,2021,2021-10-04
1009,5,10,2021,2021-10-05
1010,6,10,2021,2021-10-06
1011,7,10,2021,2021-10-07
1012,8,10,2021,2021-10-08
1013,9,10,2021,2021-10-09
1014,10,10,2021,2021-10-10
1015,11,10,2021,2021-10-11
1016,12,10,2021,2021-10-12
1017,13,10,2021,2021-10-13
1018,14,10,2021,2021-10-14
1019,15,10,2021,2021-10-15
1020,16,10,2021,2021-10-16
1021,17,10,2021,2021-10-17
1022,18,10,2021,2021-10-18
1023,19,10,2021,2021-10-19
1024,20,10,2021,2021-10-20
1025,21,10,2021,2021-10-21
1026,22,10,2021,2021-10-22
1027,23,10,2021,2021-10-23
1028,24,10,2021,2021-10-24
1029,25,10,2021,2021-10-25
1030,26,10,2021,2021-10-26
1031,27,10,2021,2021-10-27
1032,28,10,2021,2021-10-28
1033,29,10,2021,2021-10-29
1034,30,10,2021,2021-10-30
1035,31,10,2021,2021-10-31
1036,1,11,2021,2021-11-01
1037,2,11,2021,2021-11-02
1038,3,11,2021,2021-11-03
1039,4,11,2021,2021-11-04
1040,5,11,2021,2021-11-05
1041,6,11,2021,2021-11-06
1042,7,11,2021,2021-11-07
1043,8,11,2021,2021-11-08
1044,9,11,2021,2021-11-09
1045,10,11,2021,2021-11-10
1046,11,11,2021,2021-11-11
1047,12,11,2021,2021-11-12
1048,13,11,2021,2021-11-13
1049,14,11,2021,2021-11-14
1050,15,11,2021,2021-11-15
1051,16,11,2021,2021-11-16
1052,17,11,2021,2021-11-17
1053,18,11,2021,2021-11-18
1054,19,11,2021,2021-11-19
1055,20,11,2021,2021-11-20
1056,21,11,2021,2021-11-21
1057,22,11,2021,2021-11-22
1058,23,11,2021,2021-11-23
1059,24,11,2021,2021-11-24
1060,25,11,2021,2021-11-25
1061,26,11,2021,2021-11-26
1062,27,11,2021,2021-11-27
1063,28,11,2021,2021-11-28
1064,29,11,2021,2021-11-29
1065,30,11,2021,2021-11-30
1066,1,12,2021,2021-12-01
1067,2,12,2021,2021-12-02
1068,3,12,2021,2021-12-03
1069,4,12,2021,2021-12-04
1070,5,12,2021,2021-12-05
1071,6,12,2021,2021-12-06
1072,7,12,2021,2021-12-07
1073,8,12,2021,2021-12-08
1074,9,12,2021,2021-12-09
1075,10,12,2021,2021-12-10
1076,11,12,2021,2021-12-11
1077,12,12,2021,2021-12-12
1078,13,12,2021,2021-12-13
1079,14,12,2021,2021-12-14
1080,15,12,2021,2021-12-15
1081,16,12,2021,2021-12-16
1082,17,12,2021,2021-12-17
1083,18,12,2021,2021-12-18
1084,19,12,2021,2021-12-19
1085,20,12,2021,2021-12-20
1086,21,12,2021,2021-12-21
1087,22,12,2021,2021-12-22
1088,23,12,2021,2021-12-23
1089,24,12,2021,2021-12-24
1090,25,12,2021,2021-12-25
1091,26,12,2021,2021-12-26
1092,27,12,2021,2021-12-27
1093,28,12,2021,2021-12-28
1094,29,12,2021,2021-12-29
1095,30,12,2021,2021-12-30
1096,31,12,2021,2021-12-31
1097,1,1,2022,2022-01-01
1098,2,1,2022,2022-01-02
1099,3,1,2022,2022-01-03
1100,4,1,2022,2022-01-04
1101,5,1,2022,2022-01-05
1102,6,1,2022,2022-01-06
1103,7,1,2022,2022-01-07
1104,8,1,2022,2022-01-08
1105,9,1,2022,2022-01-09
1106,10,1,2022,2022-01-10
1107,11,1,2022,2022-01-11
1108,12,1,2022,2022-01-12
1109,13,1,2022,2022-01-13
1110,14,1,2022,2022-01-14
1111,15,1,2022,2022-01-15
1112,16,1,2022,2022-01-16
1113,17,1,2022,2022-01-17
1114,18,1,2022,2022-01-18
1115,19,1,2022,2022-01-19
1116,20,1,2022,2022-01-20
1117,21,1,2022,2022-01-21
1118,22,1,2022,2022-01-22
1119,23,1,2022,2022-01-23
1120,24,1,2022,2022-01-24
1121,25,1,2022,2022-01-25
1122,26,1,2022,2022-01-26
1123,27,1,2022,2022-01-27
1124,28,1,2022,2022-01-28
1125,29,1,2022,2022-01-29
1126,30,1,2022,2022-01-30
1127,31,1,2022,2022-01-31
1128,1,2,2022,2022-02-01
1129,2,2,2022,2022-02-02
1130,3,2,2022,2022-02-03
1131,4,2,2022,2022-02-04
1132,5,2,2022,2022-02-05
1133,6,2,2022,2022-02-06
1134,7,2,2022,2022-02-07
1135,8,2,2022,2022-02-08
1136,9,2,2022,2022-02-09
1137,10,2,2022,2022-02-10
1138,11,2,2022,2022-02-11
1139,12,2,2022,2022-02-12
1140,13,2,2022,2022-02-13
1141,14,2,2022,2022-02-14
1142,15,2,2022,2022-02-15
1143,16,2,2022,2022-02-16
1144,17,2,2022,2022-02-17
1145,18,2,2022,2022-02-18
1146,19,2,2022,2022-02-19
1147,20,2,2022,2022-02-20
1148,21,2,2022,2022-02-21
1149,22,2,2022,2022-02-22
1150,23,2,2022,2022-02-23
1151,24,2,2022,2022-02-24
1152,25,2,2022,2022-02-25
1153,26,2,2022,2022-02-26
1154,27,2,2022,2022-02-27
1155,28,2,2022,2022-02-28
1156,1,3,2022,2022-03-01
1157,2,3,2022,2022-03-02
1158,3,3,2022,2022-03-03
1159,4,3,2022,2022-03-04
1160,5,3,2022,2022-03-05
1161,6,3,2022,2022-03-06
1162,7,3,2022,2022-03-07
1163,8,3,2022,2022-03-08
1164,9,3,2022,2022-03-09
1165,10,3,2022,2022-03-10
1166,11,3,2022,2022-03-11
1167,12,3,2022,2022-03-12
1168,13,3,2022,2022-03-13
1169,14,3,2022,2022-03-14
1170,15,3,2022,2022-03-15
1171,16,3,2022,2022-03-16
1172,17,3,2022,2022-03-17
1173,18,3,2022,2022-03-18
1174,19,3,2022,2022-03-19
1175,20,3,2022,2022-03-20
1176,21,3,2022,2022-03-21
1177,22,3,2022,2022-03-22
1178,23,3,2022,2022-03-23
1179,24,3,2022,2022-03-24
1180,25,3,2022,2022-03-25
1181,26,3,2022,2022-03-26
1182,27,3,2022,2022-03-27
1183,28,3,2022,2022-03-28
1184,29,3,2022,2022-03-29
1185,30,3,2022,2022-03-30
1186,31,3,2022,2022-03-31
1187,1,4,2022,2022-04-01
1188,2,4,2022,2022-04-02
1189,3,4,2022,2022-04-03
1190,4,4,2022,2022-04-04
1191,5,4,2022,2022-04-05
1192,6,4,2022,2022-04-06
1193,7,4,2022,2022-04-07
1194,8,4,2022,2022-04-08
1195,9,4,2022,2022-04-09
1196,10,4,2022,2022-04-10
1197,11,4,2022,2022-04-11
1198,12,4,2022,2022-04-12
1199,13,4,2022,2022-04-13
1200,14,4,2022,2022-04-14
1201,15,4,2022,2022-04-15
1202,16,4,2022,2022-04-16
1203,17,4,2022,2022-04-17
1204,18,4,2022,2022-04-18
1205,19,4,2022,2022-04-19
1206,20,4,2022,2022-04-20
1207,21,4,2022,2022-04-21
1208,22,4,2022,2022-04-22
1209,23,4,2022,2022-04-23
1210,24,4,2022,2022-04-24
1211,25,4,2022,2022-04-25
1212,26,4,2022,2022-04-26
1213,27,4,2022,2022-04-27
1214,28,4,2022,2022-04-28
1215,29,4,2022,2022-04-29
1216,30,4,2022,2022-04-30
1217,1,5,2022,2022-05-01
1218,2,5,2022,2022-05-02
1219,3,5,2022,2022-05-03
1220,4,5,2022,2022-05-04
1221,5,5,2022,2022-05-05
1222,6,5,2022,2022-05-06
1223,7,5,2022,2022-05-07
1224,8,5,2022,2022-05-08
1225,9,5,2022,2022-05-09
1226,10,5,2022,2022-05-10
1227,11,5,2022,2022-05-11
1228,12,5,2022,2022-05-12
1229,13,5,2022,2022-05-13
1230,14,5,2022,2022-05-14
1231,15,5,2022,2022-05-15
1232,16,5,2022,2022-05-16
1233,17,5,2022,2022-05-17
1234,18,5,2022,2022-05-18
1235,19,5,2022,2022-05-19
1236,20,5,2022,2022-05-20
1237,21,5,2022,2022-05-21
1238,22,5,2022,2022-05-22
1239,23,5,2022,2022-05-23
1240,24,5,2022,2022-05-24
1241,25,5,2022,2022-05-25
1242,26,5,2022,2022-05-26
1243,27,5,2022,2022-05-27
1244,28,5,2022,2022-05-28
1245,29,5,2022,2022-05-29
1246,30,5,2022,2022-05-30
1247,31,5,2022,2022-05-31
1248,1,6,2022,2022-06-01
1249,2,6,2022,2022-06-02
1250,3,6,2022,2022-06-03
1251,4,6,2022,2022-06-04
1252,5,6,2022,2022-06-05
1253,6,6,2022,2022-06-06
1254,7,6,2022,2022-06-07
1255,8,6,2022,2022-06-08
1256,9,6,2022,2022-06-09
1257,10,6,2022,2022-06-10
1258,11,6,2022,2022-06-11
1259,12,6,2022,2022-06-12
1260,13,6,2022,2022-06-13
1261,14,6,2022,2022-06-14
1262,15,6,2022,2022-06-15
1263,16,6,2022,2022-06-16
1264,17,6,2022,2022-06-17
1265,18,6,2022,2022-06-18
1266,19,6,2022,2022-06-19
1267,20,6,2022,2022-06-20
1268,21,6,2022,2022-06-21
1269,22,6,2022,2022-06-22
1270,23,6,2022,2022-06-23
1271,24,6,2022,2022-06-24
1272,25,6,2022,2022-06-25
1273,26,6,2022,2022-06-26
1274,27,6,2022,2022-06-27
1275,28,6,2022,2022-06-28
1276,29,6,2022,2022-06-29
1277,30,6,2022,2022-06-30
1278,1,7,2022,2022-07-01
1279,2,7,2022,2022-07-02
1280,3,7,2022,2022-07-03
1281,4,7,2022,2022-07-04
1282,5,7,2022,2022-07-05
1283,6,7,2022,2022-07-06
1284,7,7,2022,2022-07-07
1285,8,7,2022,2022-07-08
1286,9,7,2022,2022-07-09
1287,10,7,2022,2022-07-10
1288,11,7,2022,2022-07-11
1289,12,7,2022,2022-07-12
1290,13,7,2022,2022-07-13
1291,14,7,2022,2022-07-14
1292,15,7,2022,2022-07-15
1293,16,7,2022,2022-07-16
1294,17,7,2022,2022-07-17
1295,18,7,2022,2022-07-18
1296,19,7,2022,2022-07-19
1297,20,7,2022,2022-07-20
1298,21,7,2022,2022-07-21
1299,22,7,2022,2022-07-22
1300,23,7,2022,2022-07-23
1301,24,7,2022,2022-07-24
1302,25,7,2022,2022-07-25
1303,26,7,2022,2022-07-26
1304,27,7,2022,2022-07-27
1305,28,7,2022,2022-07-28
1306,29,7,2022,2022-07-29
1307,30,7,2022,2022-07-30
1308,31,7,2022,2022-07-31
1309,1,8,2022,2022-08-01
1310,2,8,2022,2022-08-02
1311,3,8,2022,2022-08-03
1312,4,8,2022,2022-08-04
1313,5,8,2022,2022-08-05
1314,6,8,2022,2022-08-06
1315,7,8,2022,2022-08-07
1316,8,8,2022,2022-08-08
1317,9,8,2022,2022-08-09
1318,10,8,2022,2022-08-10
1319,11,8,2022,2022-08-11
1320,12,8,2022,2022-08-12
1321,13,8,2022,2022-08-13
1322,14,8,2022,2022-08-14
1323,15,8,2022,2022-08-15
1324,16,8,2022,2022-08-16
1325,17,8,2022,2022-08-17
1326,18,8,2022,2022-08-18
1327,19,8,2022,2022-08-19
1328,20,8,2022,2022-08-20
1329,21,8,2022,2022-08-21
1330,22,8,2022,2022-08-22
1331,23,8,2022,2022-08-23
1332,24,8,2022,2022-08-24
1333,25,8,2022,2022-08-25
1334,26,8,2022,2022-08-26
1335,27,8,2022,2022-08-27
1336,28,8,2022,2022-08-28
1337,29,8,2022,2022-08-29
1338,30,8,2022,2022-08-30
1339,31,8,2022,2022-08-31
1340,1,9,2022,2022-09-01
1341,2,9,2022,2022-09-02
1342,3,9,2022,2022-09-03
1343,4,9,2022,2022-09-04
1344,5,9,2022,2022-09-05
1345,6,9,2022,2022-09-06
1346,7,9,2022,2022-09-07
1347,8,9,2022,2022-09-08
1348,9,9,2022,2022-09-09
1349,10,9,2022,2022-09-10
1350,11,9,2022,2022-09-11
1351,12,9,2022,2022-09-12
1352,13,9,2022,2022-09-13
1353,14,9,2022,2022-09-14
1354,15,9,2022,2022-09-15
1355,16,9,2022,2022-09-16
1356,17,9,2022,2022-09-17
1357,18,9,2022,2022-09-18
1358,19,9,2022,2022-09-19
1359,20,9,2022,2022-09-20
1360,21,9,2022,2022-09-21
1361,22,9,2022,2022-09-22
1362,23,9,2022,2022-09-23
1363,24,9,2022,2022-09-24
1364,25,9,2022,2022-09-25
1365,26,9,2022,2022-09-26
1366,27,9,2022,2022-09-27
1367,28,9,2022,2022-09-28
1368,29,9,2022,2022-09-29
1369,30,9,2022,2022-09-30
1370,1,10,2022,2022-10-01
1371,2,10,2022,2022-10-02
1372,3,10,2022,2022-10-03
1373,4,10,2022,2022-10-04
1374,5,10,2022,2022-10-05
1375,6,10,2022,2022-10-06
1376,7,10,2022,2022-10-07
1377,8,10,2022,2022-10-08
1378,9,10,2022,2022-10-09
1379,10,10,2022,2022-10-10
1380,11,10,2022,2022-10-11
1381,12,10,2022,2022-10-12
1382,13,10,2022,2022-10-13
1383,14,10,2022,2022-10-14
1384,15,10,2022,2022-10-15
1385,16,10,2022,2022-10-16
1386,17,10,2022,2022-10-17
1387,18,10,2022,2022-10-18
1388,19,10,2022,2022-10-19
1389,20,10,2022,2022-10-20
1390,21,10,2022,2022-10-21
1391,22,10,2022,2022-10-22
1392,23,10,2022,2022-10-23
1393,24,10,2022,2022-10-24
1394,25,10,2022,2022-10-25
1395,26,10,2022,2022-10-26
1396,27,10,2022,2022-10-27
1397,28,10,2022,2022-10-28
1398,29,10,2022,2022-10-29
1399,30,10,2022,2022-10-30
1400,31,10,2022,2022-10-31
1401,1,11,2022,2022-11-01
1402,2,11,2022,2022-11-02
1403,3,11,2022,2022-11-03
1404,4,11,2022,2022-11-04
1405,5,11,2022,2022-11-05
1406,6,11,2022,2022-11-06
1407,7,11,2022,2022-11-07
1408,8,11,2022,2022-11-08
1409,9,11,2022,2022-11-09
1410,10,11,2022,2022-11-10
1411,11,11,2022,2022-11-11
1412,12,11,2022,2022-11-12
1413,13,11,2022,2022-11-13
1414,14,11,2022,2022-11-14
1415,15,11,2022,2022-11-15
1416,16,11,2022,2022-11-16
1417,17,11,2022,2022-11-17
1418,18,11,2022,2022-11-18
1419,19,11,2022,2022-11-19
1420,20,11,2022,2022-11-20
1421,21,11,2022,2022-11-21
1422,22,11,2022,2022-11-22
1423,23,11,2022,2022-11-23
1424,24,11,2022,2022-11-24
1425,25,11,2022,2022-11-25
1426,26,11,2022,2022-11-26
1427,27,11,2022,2022-11-27
1428,28,11,2022,2022-11-28
1429,29,11,2022,2022-11-29
1430,30,11,2022,2022-11-30
1431,1,12,2022,2022-12-01
1432,2,12,2022,2022-12-02
1433,3,12,2022,2022-12-03
1434,4,12,2022,2022-12-04
1435,5,12,2022,2022-12-05
1436,6,12,2022,2022-12-06
1437,7,12,2022,2022-12-07
1438,8,12,2022,2022-12-08
1439,9,12,2022,2022-12-09
1440,10,12,2022,2022-12-10
1441,11,12,2022,2022-12-11
1442,12,12,2022,2022-12-12
1443,13,12,2022,2022-12-13
1444,14,12,2022,2022-12-14
1445,15,12,2022,2022-12-15
1446,16,12,2022,2022-12-16
1447,17,12,2022,2022-12-17
1448,18,12,2022,2022-12-18
1449,19,12,2022,2022-12-19
1450,20,12,2022,2022-12-20
1451,21,12,2022,2022-12-21
1452,22,12,2022,2022-12-22
1453,23,12,2022,2022-12-23
1454,24,12,2022,2022-12-24
1455,25,12,2022,2022-12-25
1456,26,12,2022,2022-12-26
1457,27,12,2022,2022-12-27
1458,28,12,2022,2022-12-28
1459,29,12,2022,2022-12-29
1460,30,12,2022,2022-12-30
1461,31,12,2022,2022-12-31
1462,1,1,2023,2023-01-01
1463,2,1,2023,2023-01-02
1464,3,1,2023,2023-01-03
1465,4,1,2023,2023-01-04
1466,5,1,2023,2023-01-05
1467,6,1,2023,2023-01-06
1468,7,1,2023,2023-01-07
1469,8,1,2023,2023-01-08
1470,9,1,2023,2023-01-09
1471,10,1,2023,2023-01-10
1472,11,1,2023,2023-01-11
1473,12,1,2023,2023-01-12
1474,13,1,2023,2023-01-13
1475,14,1,2023,2023-01-14
1476,15,1,2023,2023-01-15
1477,16,1,2023,2023-01-16
1478,17,1,2023,2023-01-17
1479,18,1,2023,2023-01-18
1480,19,1,2023,2023-01-19
1481,20,1,2023,2023-01-20
1482,21,1,2023,2023-01-21
1483,22,1,2023,2023-01-22
1484,23,1,2023,2023-01-23
1485,24,1,2023,2023-01-24
1486,25,1,2023,2023-01-25
1487,26,1,2023,2023-01-26
1488,27,1,2023,2023-01-27
1489,28,1,2023,2023-01-28
1490,29,1,2023,2023-01-29
1491,30,1,2023,2023-01-30
1492,31,1,2023,2023-01-31
1493,1,2,2023,2023-02-01
1494,2,2,2023,2023-02-02
1495,3,2,2023,2023-02-03
1496,4,2,2023,2023-02-04
1497,5,2,2023,2023-02-05
1498,6,2,2023,2023-02-06
1499,7,2,2023,2023-02-07
1500,8,2,2023,2023-02-08
1501,9,2,2023,2023-02-09
1502,10,2,2023,2023-02-10
1503,11,2,2023,2023-02-11
1504,12,2,2023,2023-02-12
1505,13,2,2023,2023-02-13
1506,14,2,2023,2023-02-14
1507,15,2,2023,2023-02-15
1508,16,2,2023,2023-02-16
1509,17,2,2023,2023-02-17
1510,18,2,2023,2023-02-18
1511,19,2,2023,2023-02-19
1512,20,2,2023,2023-02-20
1513,21,2,2023,2023-02-21
1514,22,2,2023,2023-02-22
1515,23,2,2023,2023-02-23
1516,24,2,2023,2023-02-24
1517,25,2,2023,2023-02-25
1518,26,2,2023,2023-02-26
1519,27,2,2023,2023-02-27
1520,28,2,2023,2023-02-28
1521,1,3,2023,2023-03-01
1522,2,3,2023,2023-03-02
1523,3,3,2023,2023-03-03
1524,4,3,2023,2023-03-04
1525,5,3,2023,2023-03-05
1526,6,3,2023,2023-03-06
1527,7,3,2023,2023-03-07
1528,8,3,2023,2023-03-08
1529,9,3,2023,2023-03-09
1530,10,3,2023,2023-03-10
1531,11,3,2023,2023-03-11
1532,12,3,2023,2023-03-12
1533,13,3,2023,2023-03-13
1534,14,3,2023,2023-03-14
1535,15,3,2023,2023-03-15
1536,16,3,2023,2023-03-16
1537,17,3,2023,2023-03-17
1538,18,3,2023,2023-03-18
1539,19,3,2023,2023-03-19
1540,20,3,2023,2023-03-20
1541,21,3,2023,2023-03-21
1542,22,3,2023,2023-03-22
1543,23,3,2023,2023-03-23
1544,24,3,2023,2023-03-24
1545,25,3,2023,2023-03-25
1546,26,3,2023,2023-03-26
1547,27,3,2023,2023-03-27
1548,28,3,2023,2023-03-28
1549,29,3,2023,2023-03-29
1550,30,3,2023,2023-03-30
1551,31,3,2023,2023-03-31
1552,1,4,2023,2023-04-01
1553,2,4,2023,2023-04-02
1554,3,4,2023,2023-04-03
1555,4,4,2023,2023-04-04
1556,5,4,2023,2023-04-05
1557,6,4,2023,2023-04-06
1558,7,4,2023,2023-04-07
1559,8,4,2023,2023-04-08
1560,9,4,2023,2023-04-09
1561,10,4,2023,2023-04-10
1562,11,4,2023,2023-04-11
1563,12,4,2023,2023-04-12
1564,13,4,2023,2023-04-13
1565,14,4,2023,2023-04-14
1566,15,4,2023,2023-04-15
1567,16,4,2023,2023-04-16
1568,17,4,2023,2023-04-17
1569,18,4,2023,2023-04-18
1570,19,4,2023,2023-04-19
1571,20,4,2023,2023-04-20
1572,21,4,2023,2023-04-21
1573,22,4,2023,2023-04-22
1574,23,4,2023,2023-04-23
1575,24,4,2023,2023-04-24
1576,25,4,2023,2023-04-25
1577,26,4,2023,2023-04-26
1578,27,4,2023,2023-04-27
1579,28,4,2023,2023-04-28
1580,29,4,2023,2023-04-29
1581,30,4,2023,2023-04-30
1582,1,5,2023,2023-05-01
1583,2,5,2023,2023-05-02
1584,3,5,2023,2023-05-03
1585,4,5,2023,2023-05-04
1586,5,5,2023,2023-05-05
1587,6,5,2023,2023-05-06
1588,7,5,2023,2023-05-07
1589,8,5,2023,2023-05-08
1590,9,5,2023,2023-05-09
1591,10,5,2023,2023-05-10
1592,11,5,2023,2023-05-11
1593,12,5,2023,2023-05-12
1594,13,5,2023,2023-05-13
1595,14,5,2023,2023-05-14
1596,15,5,2023,2023-05-15
1597,16,5,2023,2023-05-16
1598,17,5,2023,2023-05-17
1599,18,5,2023,2023-05-18
1600,19,5,2023,2023-05-19
1601,20,5,2023,2023-05-20
1602,21,5,2023,2023-05-21
1603,22,5,2023,2023-05-22
1604,23,5,2023,2023-05-23
1605,24,5,2023,2023-05-24
1606,25,5,2023,2023-05-25
1607,26,5,2023,2023-05-26
1608,27,5,2023,2023-05-27
1609,28,5,2023,2023-05-28
1610,29,5,2023,2023-05-29
1611,30,5,2023,2023-05-30
1612,31,5,2023,2023-05-31
1613,1,6,2023,2023-06-01
1614,2,6,2023,2023-06-02
1615,3,6,2023,2023-06-03
1616,4,6,2023,2023-06-04
1617,5,6,2023,2023-06-05
1618,6,6,2023,2023-06-06
1619,7,6,2023,2023-06-07
1620,8,6,2023,2023-06-08
1621,9,6,2023,2023-06-09
1622,10,6,2023,2023-06-10
1623,11,6,2023,2023-06-11
1624,12,6,2023,2023-06-12
1625,13,6,2023,2023-06-13
1626,14,6,2023,2023-06-14
1627,15,6,2023,2023-06-15
1628,16,6,2023,2023-06-16
1629,17,6,2023,2023-06-17
1630,18,6,2023,2023-06-18
1631,19,6,2023,2023-06-19
1632,20,6,2023,2023-06-20
1633,21,6,2023,2023-06-21
1634,22,6,2023,2023-06-22
1635,23,6,2023,2023-06-23
1636,24,6,2023,2023-06-24
1637,25,6,2023,2023-06-25
1638,26,6,2023,2023-06-26
1639,27,6,2023,2023-06-27
1640,28,6,2023,2023-06-28
1641,29,6,2023,2023-06-29
1642,30,6,2023,2023-06-30
1643,1,7,2023,2023-07-01
1644,2,7,2023,2023-07-02
1645,3,7,2023,2023-07-03
1646,4,7,2023,2023-07-04
1647,5,7,2023,2023-07-05
1648,6,7,2023,2023-07-06
1649,7,7,2023,2023-07-07
1650,8,7,2023,2023-07-08
1651,9,7,2023,2023-07-09
1652,10,7,2023,2023-07-10
1653,11,7,2023,2023-07-11
1654,12,7,2023,2023-07-12
1655,13,7,2023,2023-07-13
1656,14,7,2023,2023-07-14
1657,15,7,2023,2023-07-15
1658,16,7,2023,2023-07-16
1659,17,7,2023,2023-07-17
1660,18,7,2023,2023-07-18
1661,19,7,2023,2023-07-19
1662,20,7,2023,2023-07-20
1663,21,7,2023,2023-07-21
1664,22,7,2023,2023-07-22
1665,23,7,2023,2023-07-23
1666,24,7,2023,2023-07-24
1667,25,7,2023,2023-07-25
1668,26,7,2023,2023-07-26
1669,27,7,2023,2023-07-27
1670,28,7,2023,2023-07-28
1671,29,7,2023,2023-07-29
1672,30,7,2023,2023-07-30
1673,31,7,2023,2023-07-31
1674,1,8,2023,2023-08-01
1675,2,8,2023,2023-08-02
1676,3,8,2023,2023-08-03
1677,4,8,2023,2023-08-04
1678,5,8,2023,2023-08-05
1679,6,8,2023,2023-08-06
1680,7,8,2023,2023-08-07
1681,8,8,2023,2023-08-08
1682,9,8,2023,2023-08-09
1683,10,8,2023,2023-08-10
1684,11,8,2023,2023-08-11
1685,12,8,2023,2023-08-12
1686,13,8,2023,2023-08-13
1687,14,8,2023,2023-08-14
1688,15,8,2023,2023-08-15
1689,16,8,2023,2023-08-16
1690,17,8,2023,2023-08-17
1691,18,8,2023,2023-08-18
1692,19,8,2023,2023-08-19
1693,20,8,2023,2023-08-20
1694,21,8,2023,2023-08-21
1695,22,8,2023,2023-08-22
1696,23,8,2023,2023-08-23
1697,24,8,2023,2023-08-24
1698,25,8,2023,2023-08-25
1699,26,8,2023,2023-08-26
1700,27,8,2023,2023-08-27
1701,28,8,2023,2023-08-28
1702,29,8,2023,2023-08-29
1703,30,8,2023,2023-08-30
1704,31,8,2023,2023-08-31
1705,1,9,2023,2023-09-01
1706,2,9,2023,2023-09-02
1707,3,9,2023,2023-09-03
1708,4,9,2023,2023-09-04
1709,5,9,2023,2023-09-05
1710,6,9,2023,2023-09-06
1711,7,9,2023,2023-09-07
1712,8,9,2023,2023-09-08
1713,9,9,2023,2023-09-09
1714,10,9,2023,2023-09-10
1715,11,9,2023,2023-09-11
1716,12,9,2023,2023-09-12
1717,13,9,2023,2023-09-13
1718,14,9,2023,2023-09-14
1719,15,9,2023,2023-09-15
1720,16,9,2023,2023-09-16
1721,17,9,2023,2023-09-17
1722,18,9,2023,2023-09-18
1723,19,9,2023,2023-09-19
1724,20,9,2023,2023-09-20
1725,21,9,2023,2023-09-21
1726,22,9,2023,2023-09-22
1727,23,9,2023,2023-09-23
1728,24,9,2023,2023-09-24
1729,25,9,2023,2023-09-25
1730,26,9,2023,2023-09-26
1731,27,9,2023,2023-09-27
1732,28,9,2023,2023-09-28
1733,29,9,2023,2023-09-29
1734,30,9,2023,2023-09-30
1735,1,10,2023,2023-10-01
1736,2,10,2023,2023-10-02
1737,3,10,2023,2023-10-03
1738,4,10,2023,2023-10-04
1739,5,10,2023,2023-10-05
1740,6,10,2023,2023-10-06
1741,7,10,2023,2023-10-07
1742,8,10,2023,2023-10-08
1743,9,10,2023,2023-10-09
1744,10,10,2023,2023-10-10
1745,11,10,2023,2023-10-11
1746,12,10,2023,2023-10-12
1747,13,10,2023,2023-10-13
1748,14,10,2023,2023-10-14
1749,15,10,2023,2023-10-15
1750,16,10,2023,2023-10-16
1751,17,10,2023,2023-10-17
1752,18,10,2023,2023-10-18
1753,19,10,2023,2023-10-19
1754,20,10,2023,2023-10-20
1755,21,10,2023,2023-10-21
1756,22,10,2023,2023-10-22
1757,23,10,2023,2023-10-23
1758,24,10,2023,2023-10-24
1759,25,10,2023,2023-10-25
1760,26,10,2023,2023-10-26
1761,27,10,2023,2023-10-27
1762,28,10,2023,2023-10-28
1763,29,10,2023,2023-10-29
1764,30,10,2023,2023-10-30
1765,31,10,2023,2023-10-31
1766,1,11,2023,2023-11-01
1767,2,11,2023,2023-11-02
1768,3,11,2023,2023-11-03
1769,4,11,2023,2023-11-04
1770,5,11,2023,2023-11-05
1771,6,11,2023,2023-11-06
1772,7,11,2023,2023-11-07
1773,8,11,2023,2023-11-08
1774,9,11,2023,2023-11-09
1775,10,11,2023,2023-11-10
1776,11,11,2023,2023-11-11
1777,12,11,2023,2023-11-12
1778,13,11,2023,2023-11-13
1779,14,11,2023,2023-11-14
1780,15,11,2023,2023-11-15
1781,16,11,2023,2023-11-16
1782,17,11,2023,2023-11-17
1783,18,11,2023,2023-11-18
1784,19,11,2023,2023-11-19
1785,20,11,2023,2023-11-20
1786,21,11,2023,2023-11-21
1787,22,11,2023,2023-11-22
1788,23,11,2023,2023-11-23
1789,24,11,2023,2023-11-24
1790,25,11,2023,2023-11-25
1791,26,11,2023,2023-11-26
1792,27,11,2023,2023-11-27
1793,28,11,2023,2023-11-28
1794,29,11,2023,2023-11-29
1795,30,11,2023,2023-11-30
1796,1,12,2023,2023-12-01
1797,2,12,2023,2023-12-02
1798,3,12,2023,2023-12-03
1799,4,12,2023,2023-12-04
1800,5,12,2023,2023-12-05
1801,6,12,2023,2023-12-06
1802,7,12,2023,2023-12-07
1803,8,12,2023,2023-12-08
1804,9,12,2023,2023-12-09
1805,10,12,2023,2023-12-10
1806,11,12,2023,2023-12-11
1807,12,12,2023,2023-12-12
1808,13,12,2023,2023-12-13
1809,14,12,2023,2023-12-14
1810,15,12,2023,2023-12-15
1811,16,12,2023,2023-12-16
1812,17,12,2023,2023-12-17
1813,18,12,2023,2023-12-18
1814,19,12,2023,2023-12-19
1815,20,12,2023,2023-12-20
1816,21,12,2023,2023-12-21
1817,22,12,2023,2023-12-22
1818,23,12,2023,2023-12-23
1819,24,12,2023,2023-12-24
1820,25,12,2023,2023-12-25
1821,26,12,2023,2023-12-26
1822,27,12,2023,2023-12-27
1823,28,12,2023,2023-12-28
1824,29,12,2023,2023-12-29
1825,30,12,2023,2023-12-30
1826,31,12,2023,2023-12-31
1827,1,1,2024,2024-01-01
1828,2,1,2024,2024-01-02
1829,3,1,2024,2024-01-03
1830,4,1,2024,2024-01-04
1831,5,1,2024,2024-01-05
1832,6,1,2024,2024-01-06
1833,7,1,2024,2024-01-07
1834,8,1,2024,2024-01-08
1835,9,1,2024,2024-01-09
1836,10,1,2024,2024-01-10
1837,11,1,2024,2024-01-11
1838,12,1,2024,2024-01-12
1839,13,1,2024,2024-01-13
1840,14,1,2024,2024-01-14
1841,15,1,2024,2024-01-15
1842,16,1,2024,2024-01-16
1843,17,1,2024,2024-01-17
1844,18,1,2024,2024-01-18
1845,19,1,2024,2024-01-19
1846,20,1,2024,2024-01-20
1847,21,1,2024,2024-01-21
1848,22,1,2024,2024-01-22
1849,23,1,2024,2024-01-23
1850,24,1,2024,2024-01-24
1851,25,1,2024,2024-01-25
1852,26,1,2024,2024-01-26
1853,27,1,2024,2024-01-27
1854,28,1,2024,2024-01-28
1855,29,1,2024,2024-01-29
1856,30,1,2024,2024-01-30
1857,31,1,2024,2024-01-31
1858,1,2,2024,2024-02-01
1859,2,2,2024,2024-02-02
1860,3,2,2024,2024-02-03
1861,4,2,2024,2024-02-04
1862,5,2,2024,2024-02-05
1863,6,2,2024,2024-02-06
1864,7,2,2024,2024-02-07
1865,8,2,2024,2024-02-08
1866,9,2,2024,2024-02-09
1867,10,2,2024,2024-02-10
1868,11,2,2024,2024-02-11
1869,12,2,2024,2024-02-12
1870,13,2,2024,2024-02-13
1871,14,2,2024,2024-02-14
1872,15,2,2024,2024-02-15
1873,16,2,2024,2024-02-16
1874,17,2,2024,2024-02-17
1875,18,2,2024,2024-02-18
1876,19,2,2024,2024-02-19
1877,20,2,2024,2024-02-20
1878,21,2,2024,2024-02-21
1879,22,2,2024,2024-02-22
1880,23,2,2024,2024-02-23
1881,24,2,2024,2024-02-24
1882,25,2,2024,2024-02-25
1883,26,2,2024,2024-02-26
1884,27,2,2024,2024-02-27
1885,28,2,2024,2024-02-28
1886,29,2,2024,2024-02-29
1887,1,3,2024,2024-03-01
1888,2,3,2024,2024-03-02
1889,3,3,2024,2024-03-03
1890,4,3,2024,2024-03-04
1891,5,3,2024,2024-03-05
1892,6,3,2024,2024-03-06
1893,7,3,2024,2024-03-07
1894,8,3,2024,2024-03-08
1895,9,3,2024,2024-03-09
1896,10,3,2024,2024-03-10
1897,11,3,2024,2024-03-11
1898,12,3,2024,2024-03-12
1899,13,3,2024,2024-03-13
1900,14,3,2024,2024-03-14
1901,15,3,2024,2024-03-15
1902,16,3,2024,2024-03-16
1903,17,3,2024,2024-03-17
1904,18,3,2024,2024-03-18
1905,19,3,2024,2024-03-19
1906,20,3,2024,2024-03-20
1907,21,3,2024,2024-03-21
1908,22,3,2024,2024-03-22
1909,23,3,2024,2024-03-23
1910,24,3,2024,2024-03-24
1911,25,3,2024,2024-03-25
1912,26,3,2024,2024-03-26
1913,27,3,2024,2024-03-27
1914,28,3,2024,2024-03-28
1915,29,3,2024,2024-03-29
1916,30,3,2024,2024-03-30
1917,31,3,2024,2024-03-31
1918,1,4,2024,2024-04-01
1919,2,4,2024,2024-04-02
1920,3,4,2024,2024-04-03
1921,4,4,2024,2024-04-04
1922,5,4,2024,2024-04-05
1923,6,4,2024,2024-04-06
1924,7,4,2024,2024-04-07
1925,8,4,2024,2024-04-08
1926,9,4,2024,2024-04-09
1927,10,4,2024,2024-04-10
1928,11,4,2024,2024-04-11
1929,12,4,2024,2024-04-12
1930,13,4,2024,2024-04-13
1931,14,4,2024,2024-04-14
1932,15,4,2024,2024-04-15
1933,16,4,2024,2024-04-16
1934,17,4,2024,2024-04-17
1935,18,4,2024,2024-04-18
1936,19,4,2024,2024-04-19
1937,20,4,2024,2024-04-20
1938,21,4,2024,2024-04-21
1939,22,4,2024,2024-04-22
1940,23,4,2024,2024-04-23
1941,24,4,2024,2024-04-24
1942,25,4,2024,2024-04-25
1943,26,4,2024,2024-04-26
1944,27,4,2024,2024-04-27
1945,28,4,2024,2024-04-28
1946,29,4,2024,2024-04-29
1947,30,4,2024,2024-04-30
1948,1,5,2024,2024-05-01
1949,2,5,2024,2024-05-02
1950,3,5,2024,2024-05-03
1951,4,5,2024,2024-05-04
1952,5,5,2024,2024-05-05
1953,6,5,2024,2024-05-06
1954,7,5,2024,2024-05-07
1955,8,5,2024,2024-05-08
1956,9,5,2024,2024-05-09
1957,10,5,2024,2024-05-10
1958,11,5,2024,2024-05-11
1959,12,5,2024,2024-05-12
1960,13,5,2024,2024-05-13
1961,14,5,2024,2024-05-14
1962,15,5,2024,2024-05-15
1963,16,5,2024,2024-05-16
1964,17,5,2024,2024-05-17
1965,18,5,2024,2024-05-18
1966,19,5,2024,2024-05-19
1967,20,5,2024,2024-05-20
1968,21,5,2024,2024-05-21
1969,22,5,2024,2024-05-22
1970,23,5,2024,2024-05-23
1971,24,5,2024,2024-05-24
1972,25,5,2024,2024-05-25
1973,26,5,2024,2024-05-26
1974,27,5,2024,2024-05-27
1975,28,5,2024,2024-05-28
1976,29,5,2024,2024-05-29
1977,30,5,2024,2024-05-30
1978,31,5,2024,2024-05-31
1979,1,6,2024,2024-06-01
1980,2,6,2024,2024-06-02
1981,3,6,2024,2024-06-03
1982,4,6,2024,2024-06-04
1983,5,6,2024,2024-06-05
1984,6,6,2024,2024-06-06
1985,7,6,2024,2024-06-07
1986,8,6,2024,2024-06-08
1987,9,6,2024,2024-06-09
1988,10,6,2024,2024-06-10
1989,11,6,2024,2024-06-11
1990,12,6,2024,2024-06-12
1991,13,6,2024,2024-06-13
1992,14,6,2024,2024-06-14
1993,15,6,2024,2024-06-15
1994,16,6,2024,2024-06-16
1995,17,6,2024,2024-06-17
1996,18,6,2024,2024-06-18
1997,19,6,2024,2024-06-19
1998,20,6,2024,2024-06-20
1999,21,6,2024,2024-06-21
2000,22,6,2024,2024-06-22
2001,23,6,2024,2024-06-23
2002,24,6,2024,2024-06-24
2003,25,6,2024,2024-06-25
2004,26,6,2024,2024-06-26
2005,27,6,2024,2024-06-27
2006,28,6,2024,2024-06-28
2007,29,6,2024,2024-06-29
2008,30,6,2024,2024-06-30
2009,1,7,2024,2024-07-01
2010,2,7,2024,2024-07-02
2011,3,7,2024,2024-07-03
2012,4,7,2024,2024-07-04
2013,5,7,2024,2024-07-05
2014,6,7,2024,2024-07-06
2015,7,7,2024,2024-07-07
2016,8,7,2024,2024-07-08
2017,9,7,2024,2024-07-09
2018,10,7,2024,2024-07-10
2019,11,7,2024,2024-07-11
2020,12,7,2024,2024-07-12
2021,13,7,2024,2024-07-13
2022,14,7,2024,2024-07-14
2023,15,7,2024,2024-07-15
2024,16,7,2024,2024-07-16
2025,17,7,2024,2024-07-17
2026,18,7,2024,2024-07-18
2027,19,7,2024,2024-07-19
2028,20,7,2024,2024-07-20
2029,21,7,2024,2024-07-21
2030,22,7,2024,2024-07-22
2031,23,7,2024,2024-07-23
2032,24,7,2024,2024-07-24
2033,25,7,2024,2024-07-25
2034,26,7,2024,2024-07-26
2035,27,7,2024,2024-07-27
2036,28,7,2024,2024-07-28
2037,29,7,2024,2024-07-29
2038,30,7,2024,2024-07-30
2039,31,7,2024,2024-07-31
2040,1,8,2024,2024-08-01
2041,2,8,2024,2024-08-02
2042,3,8,2024,2024-08-03
2043,4,8,2024,2024-08-04
2044,5,8,2024,2024-08-05
2045,6,8,2024,2024-08-06
2046,7,8,2024,2024-08-07
2047,8,8,2024,2024-08-08
2048,9,8,2024,2024-08-09
2049,10,8,2024,2024-08-10
2050,11,8,2024,2024-08-11
2051,12,8,2024,2024-08-12
2052,13,8,2024,2024-08-13
2053,14,8,2024,2024-08-14
2054,15,8,2024,2024-08-15
2055,16,8,2024,2024-08-16
2056,17,8,2024,2024-08-17
2057,18,8,2024,2024-08-18
2058,19,8,2024,2024-08-19
2059,20,8,2024,2024-08-20
2060,21,8,2024,2024-08-21
2061,22,8,2024,2024-08-22
2062,23,8,2024,2024-08-23
2063,24,8,2024,2024-08-24
2064,25,8,2024,2024-08-25
2065,26,8,2024,2024-08-26
2066,27,8,2024,2024-08-27
2067,28,8,2024,2024-08-28
2068,29,8,2024,2024-08-29
2069,30,8,2024,2024-08-30
2070,31,8,2024,2024-08-31
2071,1,9,2024,2024-09-01
2072,2,9,2024,2024-09-02
2073,3,9,2024,2024-09-03
2074,4,9,2024,2024-09-04
2075,5,9,2024,2024-09-05
2076,6,9,2024,2024-09-06
2077,7,9,2024,2024-09-07
2078,8,9,2024,2024-09-08
2079,9,9,2024,2024-09-09
2080,10,9,2024,2024-09-10
2081,11,9,2024,2024-09-11
2082,12,9,2024,2024-09-12
2083,13,9,2024,2024-09-13
2084,14,9,2024,2024-09-14
2085,15,9,2024,2024-09-15
2086,16,9,2024,2024-09-16
2087,17,9,2024,2024-09-17
2088,18,9,2024,2024-09-18
2089,19,9,2024,2024-09-19
2090,20,9,2024,2024-09-20
2091,21,9,2024,2024-09-21
2092,22,9,2024,2024-09-22
2093,23,9,2024,2024-09-23
2094,24,9,2024,2024-09-24
2095,25,9,2024,2024-09-25
2096,26,9,2024,2024-09-26
2097,27,9,2024,2024-09-27
2098,28,9,2024,2024-09-28
2099,29,9,2024,2024-09-29
2100,30,9,2024,2024-09-30
2101,1,10,2024,2024-10-01
2102,2,10,2024,2024-10-02
2103,3,10,2024,2024-10-03
2104,4,10,2024,2024-10-04
2105,5,10,2024,2024-10-05
2106,6,10,2024,2024-10-06
2107,7,10,2024,2024-10-07
2108,8,10,2024,2024-10-08
2109,9,10,2024,2024-10-09
2110,10,10,2024,2024-10-10
2111,11,10,2024,2024-10-11
2112,12,10,2024,2024-10-12
2113,13,10,2024,2024-10-13
2114,14,10,2024,2024-10-14
2115,15,10,2024,2024-10-15
2116,16,10,2024,2024-10-16
2117,17,10,2024,2024-10-17
2118,18,10,2024,2024-10-18
2119,19,10,2024,2024-10-19
2120,20,10,2024,2024-10-20
2121,21,10,2024,2024-10-21
2122,22,10,2024,2024-10-22
2123,23,10,2024,2024-10-23
2124,24,10,2024,2024-10-24
2125,25,10,2024,2024-10-25
2126,26,10,2024,2024-10-26
2127,27,10,2024,2024-10-27
2128,28,10,2024,2024-10-28
2129,29,10,2024,2024-10-29
2130,30,10,2024,2024-10-30
2131,31,10,2024,2024-10-31
2132,1,11,2024,2024-11-01
2133,2,11,2024,2024-11-02
2134,3,11,2024,2024-11-03
2135,4,11,2024,2024-11-04
2136,5,11,2024,2024-11-05
2137,6,11,2024,2024-11-06
2138,7,11,2024,2024-11-07
2139,8,11,2024,2024-11-08
2140,9,11,2024,2024-11-09
2141,10,11,2024,2024-11-10
2142,11,11,2024,2024-11-11
2143,12,11,2024,2024-11-12
2144,13,11,2024,2024-11-13
2145,14,11,2024,2024-11-14
2146,15,11,2024,2024-11-15
2147,16,11,2024,2024-11-16
2148,17,11,2024,2024-11-17
2149,18,11,2024,2024-11-18
2150,19,11,2024,2024-11-19
2151,20,11,2024,2024-11-20
2152,21,11,2024,2024-11-21
2153,22,11,2024,2024-11-22
2154,23,11,2024,2024-11-23
2155,24,11,2024,2024-11-24
2156,25,11,2024,2024-11-25
2157,26,11,2024,2024-11-26
2158,27,11,2024,2024-11-27
2159,28,11,2024,2024-11-28
2160,29,11,2024,2024-11-29
2161,30,11,2024,2024-11-30
2162,1,12,2024,2024-12-01
2163,2,12,2024,2024-12-02
2164,3,12,2024,2024-12-03
2165,4,12,2024,2024-12-04
2166,5,12,2024,2024-12-05
2167,6,12,2024,2024-12-06
2168,7,12,2024,2024-12-07
2169,8,12,2024,2024-12-08
2170,9,12,2024,2024-12-09
2171,10,12,2024,2024-12-10
2172,11,12,2024,2024-12-11
2173,12,12,2024,2024-12-12
2174,13,12,2024,2024-12-13
2175,14,12,2024,2024-12-14
2176,15,12,2024,2024-12-15
2177,16,12,2024,2024-12-16
2178,17,12,2024,2024-12-17
2179,18,12,2024,2024-12-18
2180,19,12,2024,2024-12-19
2181,20,12,2024,2024-12-20
2182,21,12,2024,2024-12-21
2183,22,12,2024,2024-12-22
2184,23,12,2024,2024-12-23
2185,24,12,2024,2024-12-24
2186,25,12,2024,2024-12-25
2187,26,12,2024,2024-12-26
2188,27,12,2024,2024-12-27
2189,28,12,2024,2024-12-28
2190,29,12,2024,2024-12-29
2191,30,12,2024,2024-12-30
2192,31,12,2024,2024-12-31
2193,1,1,2025,2025-01-01
2194,2,1,2025,2025-01-02
2195,3,1,2025,2025-01-03
2196,4,1,2025,2025-01-04
2197,5,1,2025,2025-01-05
2198,6,1,2025,2025-01-06
2199,7,1,2025,2025-01-07
2200,8,1,2025,2025-01-08
2201,9,1,2025,2025-01-09
2202,10,1,2025,2025-01-10
2203,11,1,2025,2025-01-11
2204,12,1,2025,2025-01-12
2205,13,1,2025,2025-01-13
2206,14,1,2025,2025-01-14
2207,15,1,2025,2025-01-15
2208,16,1,2025,2025-01-16
2209,17,1,2025,2025-01-17
2210,18,1,2025,2025-01-18
2211,19,1,2025,2025-01-19
2212,20,1,2025,2025-01-20
2213,21,1,2025,2025-01-21
2214,22,1,2025,2025-01-22
2215,23,1,2025,2025-01-23
2216,24,1,2025,2025-01-24
2217,25,1,2025,2025-01-25
2218,26,1,2025,2025-01-26
2219,27,1,2025,2025-01-27
2220,28,1,2025,2025-01-28
2221,29,1,2025,2025-01-29
2222,30,1,2025,2025-01-30
2223,31,1,2025,2025-01-31
2224,1,2,2025,2025-02-01
2225,2,2,2025,2025-02-02
2226,3,2,2025,2025-02-03
2227,4,2,2025,2025-02-04
2228,5,2,2025,2025-02-05
2229,6,2,2025,2025-02-06
2230,7,2,2025,2025-02-07
2231,8,2,2025,2025-02-08
2232,9,2,2025,2025-02-09
2233,10,2,2025,2025-02-10
2234,11,2,2025,2025-02-11
2235,12,2,2025,2025-02-12
2236,13,2,2025,2025-02-13
2237,14,2,2025,2025-02-14
2238,15,2,2025,2025-02-15
2239,16,2,2025,2025-02-16
2240,17,2,2025,2025-02-17
2241,18,2,2025,2025-02-18
2242,19,2,2025,2025-02-19
2243,20,2,2025,2025-02-20
2244,21,2,2025,2025-02-21
2245,22,2,2025,2025-02-22
2246,23,2,2025,2025-02-23
2247,24,2,2025,2025-02-24
2248,25,2,2025,2025-02-25
2249,26,2,2025,2025-02-26
2250,27,2,2025,2025-02-27
2251,28,2,2025,2025-02-28
2252,1,3,2025,2025-03-01
2253,2,3,2025,2025-03-02
2254,3,3,2025,2025-03-03
2255,4,3,2025,2025-03-04
2256,5,3,2025,2025-03-05
2257,6,3,2025,2025-03-06
2258,7,3,2025,2025-03-07
2259,8,3,2025,2025-03-08
2260,9,3,2025,2025-03-09
2261,10,3,2025,2025-03-10
2262,11,3,2025,2025-03-11
2263,12,3,2025,2025-03-12
2264,13,3,2025,2025-03-13
2265,14,3,2025,2025-03-14
2266,15,3,2025,2025-03-15
2267,16,3,2025,2025-03-16
2268,17,3,2025,2025-03-17
2269,18,3,2025,2025-03-18
2270,19,3,2025,2025-03-19
2271,20,3,2025,2025-03-20
2272,21,3,2025,2025-03-21
2273,22,3,2025,2025-03-22
2274,23,3,2025,2025-03-23
2275,24,3,2025,2025-03-24
2276,25,3,2025,2025-03-25
2277,26,3,2025,2025-03-26
2278,27,3,2025,2025-03-27
2279,28,3,2025,2025-03-28
2280,29,3,2025,2025-03-29
2281,30,3,2025,2025-03-30
2282,31,3,2025,2025-03-31
2283,1,4,2025,2025-04-01
2284,2,4,2025,2025-04-02
2285,3,4,2025,2025-04-03
2286,4,4,2025,2025-04-04
2287,5,4,2025,2025-04-05
2288,6,4,2025,2025-04-06
2289,7,4,2025,2025-04-07
2290,8,4,2025,2025-04-08
2291,9,4,2025,2025-04-09
2292,10,4,2025,2025-04-10
2293,11,4,2025,2025-04-11
2294,12,4,2025,2025-04-12
2295,13,4,2025,2025-04-13
2296,14,4,2025,2025-04-14
2297,15,4,2025,2025-04-15
2298,16,4,2025,2025-04-16
2299,17,4,2025,2025-04-17
2300,18,4,2025,2025-04-18
2301,19,4,2025,2025-04-19
2302,20,4,2025,2025-04-20
2303,21,4,2025,2025-04-21
2304,22,4,2025,2025-04-22
2305,23,4,2025,2025-04-23
2306,24,4,2025,2025-04-24
2307,25,4,2025,2025-04-25
2308,26,4,2025,2025-04-26
2309,27,4,2025,2025-04-27
2310,28,4,2025,2025-04-28
2311,29,4,2025,2025-04-29
2312,30,4,2025,2025-04-30
2313,1,5,2025,2025-05-01
2314,2,5,2025,2025-05-02
2315,3,5,2025,2025-05-03
2316,4,5,2025,2025-05-04
2317,5,5,2025,2025-05-05
2318,6,5,2025,2025-05-06
2319,7,5,2025,2025-05-07
2320,8,5,2025,2025-05-08
2321,9,5,2025,2025-05-09
2322,10,5,2025,2025-05-10
2323,11,5,2025,2025-05-11
2324,12,5,2025,2025-05-12
2325,13,5,2025,2025-05-13
2326,14,5,2025,2025-05-14
2327,15,5,2025,2025-05-15
2328,16,5,2025,2025-05-16
2329,17,5,2025,2025-05-17
2330,18,5,2025,2025-05-18
2331,19,5,2025,2025-05-19
2332,20,5,2025,2025-05-20
2333,21,5,2025,2025-05-21
2334,22,5,2025,2025-05-22
2335,23,5,2025,2025-05-23
2336,24,5,2025,2025-05-24
2337,25,5,2025,2025-05-25
2338,26,5,2025,2025-05-26
2339,27,5,2025,2025-05-27
2340,28,5,2025,2025-05-28
2341,29,5,2025,2025-05-29
2342,30,5,2025,2025-05-30
2343,31,5,2025,2025-05-31
2344,1,6,2025,2025-06-01
2345,2,6,2025,2025-06-02
2346,3,6,2025,2025-06-03
2347,4,6,2025,2025-06-04
2348,5,6,2025,2025-06-05
2349,6,6,2025,2025-06-06
2350,7,6,2025,2025-06-07
2351,8,6,2025,2025-06-08
2352,9,6,2025,2025-06-09
2353,10,6,2025,2025-06-10
2354,11,6,2025,2025-06-11
2355,12,6,2025,2025-06-12
2356,13,6,2025,2025-06-13
2357,14,6,2025,2025-06-14
2358,15,6,2025,2025-06-15
2359,16,6,2025,2025-06-16
2360,17,6,2025,2025-06-17
2361,18,6,2025,2025-06-18
2362,19,6,2025,2025-06-19
2363,20,6,2025,2025-06-20
2364,21,6,2025,2025-06-21
2365,22,6,2025,2025-06-22
2366,23,6,2025,2025-06-23
2367,24,6,2025,2025-06-24
2368,25,6,2025,2025-06-25
2369,26,6,2025,2025-06-26
2370,27,6,2025,2025-06-27
2371,28,6,2025,2025-06-28
2372,29,6,2025,2025-06-29
2373,30,6,2025,2025-06-30
2374,1,7,2025,2025-07-01
2375,2,7,2025,2025-07-02
2376,3,7,2025,2025-07-03
2377,4,7,2025,2025-07-04
2378,5,7,2025,2025-07-05
2379,6,7,2025,2025-07-06
2380,7,7,2025,2025-07-07
2381,8,7,2025,2025-07-08
2382,9,7,2025,2025-07-09
2383,10,7,2025,2025-07-10
2384,11,7,2025,2025-07-11
2385,12,7,2025,2025-07-12
2386,13,7,2025,2025-07-13
2387,14,7,2025,2025-07-14
2388,15,7,2025,2025-07-15
2389,16,7,2025,2025-07-16
2390,17,7,2025,2025-07-17
2391,18,7,2025,2025-07-18
2392,19,7,2025,2025-07-19
2393,20,7,2025,2025-07-20
2394,21,7,2025,2025-07-21
2395,22,7,2025,2025-07-22
2396,23,7,2025,2025-07-23
2397,24,7,2025,2025-07-24
2398,25,7,2025,2025-07-25
2399,26,7,2025,2025-07-26
2400,27,7,2025,2025-07-27
2401,28,7,2025,2025-07-28
2402,29,7,2025,2025-07-29
2403,30,7,2025,2025-07-30
2404,31,7,2025,2025-07-31
2405,1,8,2025,2025-08-01
2406,2,8,2025,2025-08-02
2407,3,8,2025,2025-08-03
2408,4,8,2025,2025-08-04
2409,5,8,2025,2025-08-05
2410,6,8,2025,2025-08-06
2411,7,8,2025,2025-08-07
2412,8,8,2025,2025-08-08
2413,9,8,2025,2025-08-09
2414,10,8,2025,2025-08-10
2415,11,8,2025,2025-08-11
2416,12,8,2025,2025-08-12
2417,13,8,2025,2025-08-13
2418,14,8,2025,2025-08-14
2419,15,8,2025,2025-08-15
2420,16,8,2025,2025-08-16
2421,17,8,2025,2025-08-17
2422,18,8,2025,2025-08-18
2423,19,8,2025,2025-08-19
2424,20,8,2025,2025-08-20
2425,21,8,2025,2025-08-21
2426,22,8,2025,2025-08-22
2427,23,8,2025,2025-08-23
2428,24,8,2025,2025-08-24
2429,25,8,2025,2025-08-25
2430,26,8,2025,2025-08-26
2431,27,8,2025,2025-08-27
2432,28,8,2025,2025-08-28
2433,29,8,2025,2025-08-29
2434,30,8,2025,2025-08-30
2435,31,8,2025,2025-08-31
2436,1,9,2025,2025-09-01
2437,2,9,2025,2025-09-02
2438,3,9,2025,2025-09-03
2439,4,9,2025,2025-09-04
2440,5,9,2025,2025-09-05
2441,6,9,2025,2025-09-06
2442,7,9,2025,2025-09-07
2443,8,9,2025,2025-09-08
2444,9,9,2025,2025-09-09
2445,10,9,2025,2025-09-10
2446,11,9,2025,2025-09-11
2447,12,9,2025,2025-09-12
2448,13,9,2025,2025-09-13
2449,14,9,2025,2025-09-14
2450,15,9,2025,2025-09-15
2451,16,9,2025,2025-09-16
2452,17,9,2025,2025-09-17
2453,18,9,2025,2025-09-18
2454,19,9,2025,2025-09-19
2455,20,9,2025,2025-09-20
2456,21,9,2025,2025-09-21
2457,22,9,2025,2025-09-22
2458,23,9,2025,2025-09-23
2459,24,9,2025,2025-09-24
2460,25,9,2025,2025-09-25
2461,26,9,2025,2025-09-26
2462,27,9,2025,2025-09-27
2463,28,9,2025,2025-09-28
2464,29,9,2025,2025-09-29
2465,30,9,2025,2025-09-30
2466,1,10,2025,2025-10-01
2467,2,10,2025,2025-10-02
2468,3,10,2025,2025-10-03
2469,4,10,2025,2025-10-04
2470,5,10,2025,2025-10-05
2471,6,10,2025,2025-10-06
2472,7,10,2025,2025-10-07
2473,8,10,2025,2025-10-08
2474,9,10,2025,2025-10-09
2475,10,10,2025,2025-10-10
2476,11,10,2025,2025-10-11
2477,12,10,2025,2025-10-12
2478,13,10,2025,2025-10-13
2479,14,10,2025,2025-10-14
2480,15,10,2025,2025-10-15
2481,16,10,2025,2025-10-16
2482,17,10,2025,2025-10-17
2483,18,10,2025,2025-10-18
2484,19,10,2025,2025-10-19
2485,20,10,2025,2025-10-20
2486,21,10,2025,2025-10-21
2487,22,10,2025,2025-10-22
2488,23,10,2025,2025-10-23
2489,24,10,2025,2025-10-24
2490,25,10,2025,2025-10-25
2491,26,10,2025,2025-10-26
2492,27,10,2025,2025-10-27
2493,28,10,2025,2025-10-28
2494,29,10,2025,2025-10-29
2495,30,10,2025,2025-10-30
2496,31,10,2025,2025-10-31
2497,1,11,2025,2025-11-01
2498,2,11,2025,2025-11-02
2499,3,11,2025,2025-11-03
2500,4,11,2025,2025-11-04
2501,5,11,2025,2025-11-05
2502,6,11,2025,2025-11-06
2503,7,11,2025,2025-11-07
2504,8,11,2025,2025-11-08
2505,9,11,2025,2025-11-09
2506,10,11,2025,2025-11-10
2507,11,11,2025,2025-11-11
2508,12,11,2025,2025-11-12
2509,13,11,2025,2025-11-13
2510,14,11,2025,2025-11-14
2511,15,11,2025,2025-11-15
2512,16,11,2025,2025-11-16
2513,17,11,2025,2025-11-17
2514,18,11,2025,2025-11-18
2515,19,11,2025,2025-11-19
2516,20,11,2025,2025-11-20
2517,21,11,2025,2025-11-21
2518,22,11,2025,2025-11-22
2519,23,11,2025,2025-11-23
2520,24,11,2025,2025-11-24
2521,25,11,2025,2025-11-25
2522,26,11,2025,2025-11-26
2523,27,11,2025,2025-11-27
2524,28,11,2025,2025-11-28
2525,29,11,2025,2025-11-29
2526,30,11,2025,2025-11-30
2527,1,12,2025,2025-12-01
2528,2,12,2025,2025-12-02
2529,3,12,2025,2025-12-03
2530,4,12,2025,2025-12-04
2531,5,12,2025,2025-12-05
2532,6,12,2025,2025-12-06
2533,7,12,2025,2025-12-07
2534,8,12,2025,2025-12-08
2535,9,12,2025,2025-12-09
2536,10,12,2025,2025-12-10
2537,11,12,2025,2025-12-11
2538,12,12,2025,2025-12-12
2539,13,12,2025,2025-12-13
2540,14,12,2025,2025-12-14
2541,15,12,2025,2025-12-15
2542,16,12,2025,2025-12-16
2543,17,12,2025,2025-12-17
2544,18,12,2025,2025-12-18
2545,19,12,2025,2025-12-19
2546,20,12,2025,2025-12-20
2547,21,12,2025,2025-12-21
2548,22,12,2025,2025-12-22
2549,23,12,2025,2025-12-23
2550,24,12,2025,2025-12-24
2551,25,12,2025,2025-12-25
2552,26,12,2025,2025-12-26
2553,27,12,2025,2025-12-27
2554,28,12,2025,2025-12-28
2555,29,12,2025,2025-12-29
2556,30,12,2025,2025-12-30
2557,31,12,2025,2025-12-31
2558,1,1,2026,2026-01-01
2559,2,1,2026,2026-01-02
2560,3,1,2026,2026-01-03
2561,4,1,2026,2026-01-04
2562,5,1,2026,2026-01-05
2563,6,1,2026,2026-01-06
2564,7,1,2026,2026-01-07
2565,8,1,2026,2026-01-08
2566,9,1,2026,2026-01-09
2567,10,1,2026,2026-01-10
2568,11,1,2026,2026-01-11
2569,12,1,2026,2026-01-12
2570,13,1,2026,2026-01-13
2571,14,1,2026,2026-01-14
2572,15,1,2026,2026-01-15
2573,16,1,2026,2026-01-16
2574,17,1,2026,2026-01-17
2575,18,1,2026,2026-01-18
2576,19,1,2026,2026-01-19
2577,20,1,2026,2026-01-20
2578,21,1,2026,2026-01-21
2579,22,1,2026,2026-01-22
2580,23,1,2026,2026-01-23
2581,24,1,2026,2026-01-24
2582,25,1,2026,2026-01-25
2583,26,1,2026,2026-01-26
2584,27,1,2026,2026-01-27
2585,28,1,2026,2026-01-28
2586,29,1,2026,2026-01-29
2587,30,1,2026,2026-01-30
2588,31,1,2026,2026-01-31
