id_satisfaction,id_temps,id_canal,id_client,id_produit,note_satisfaction,taux_satisfaction,nombre_avis,nombre_ventes
1,1387,7,4,1035,5,1.0,1,1
2,1784,7,24,5119,3,0.6,1,1
3,1314,4,29,5916,4,0.8,1,1
4,1620,10,34,9336,3,0.6,1,1
5,1759,6,42,8910,3,0.6,1,1
6,1645,2,43,11205,3,0.6,1,1
7,1565,9,43,12987,5,1.0,1,1
8,1565,9,43,6551,4,0.8,1,1
9,1565,4,43,11397,4,0.8,1,1
10,1565,8,43,1141,4,0.8,1,1
11,1715,5,44,4561,4,0.8,1,1
12,481,3,60,12528,2,0.4,1,1
13,481,7,60,10035,3,0.6,1,1
14,481,1,60,15514,5,1.0,1,1
15,1085,6,60,2043,4,0.8,1,1
16,1573,3,60,8841,1,0.2,1,1
17,1573,7,60,8865,5,1.0,1,1
18,1661,7,71,15513,4,0.8,1,1
19,822,7,73,3956,2,0.4,1,1
20,822,1,73,8142,5,1.0,1,1
21,1476,4,73,13608,2,0.4,1,1
22,1495,10,77,6692,5,1.0,1,1
23,1666,9,79,12666,1,0.2,1,1
24,795,10,81,5270,5,1.0,1,1
25,1448,7,97,12787,1,0.2,1,1
26,444,6,105,7218,5,1.0,1,1
27,1096,4,120,4557,2,0.4,1,1
28,1079,10,125,14301,4,0.8,1,1
29,1816,2,126,15781,3,0.6,1,1
30,1781,1,133,5930,5,1.0,1,1
31,1629,7,139,15909,5,1.0,1,1
32,1629,9,139,15558,2,0.4,1,1
33,1629,3,139,9533,4,0.8,1,1
34,1629,6,139,4376,2,0.4,1,1
35,1365,3,141,9338,4,0.8,1,1
36,1799,4,148,8292,3,0.6,1,1
37,1821,3,151,5107,3,0.6,1,1
38,1520,2,158,3999,1,0.2,1,1
39,1520,4,158,13264,5,1.0,1,1
40,1520,8,158,14827,4,0.8,1,1
41,1520,4,158,5323,5,1.0,1,1
42,1338,8,173,2925,2,0.4,1,1
43,1820,3,173,6795,4,0.8,1,1
44,1820,9,173,13034,1,0.2,1,1
45,1820,10,173,10451,3,0.6,1,1
46,1470,3,189,2609,2,0.4,1,1
47,1656,8,191,11306,1,0.2,1,1
48,1434,1,192,2463,1,0.2,1,1
49,1434,7,192,5856,5,1.0,1,1
50,1434,8,192,8275,4,0.8,1,1
51,1805,2,198,9526,4,0.8,1,1
52,1805,5,198,1141,5,1.0,1,1
53,484,2,206,5895,5,1.0,1,1
54,484,9,206,13331,1,0.2,1,1
55,484,8,206,8295,4,0.8,1,1
56,1487,1,212,13547,3,0.6,1,1
57,1244,7,214,9726,1,0.2,1,1
58,1684,6,219,1453,4,0.8,1,1
59,1180,9,226,1156,4,0.8,1,1
60,1180,7,226,10142,1,0.2,1,1
61,1432,2,228,1991,2,0.4,1,1
62,1653,5,268,4615,5,1.0,1,1
63,344,2,273,7422,2,0.4,1,1
64,1124,6,275,8270,4,0.8,1,1
65,1315,6,283,3914,2,0.4,1,1
66,1315,4,283,3470,4,0.8,1,1
67,1315,4,283,4346,3,0.6,1,1
68,1788,2,287,8825,3,0.6,1,1
69,1830,2,303,10942,4,0.8,1,1
70,1830,8,303,12858,2,0.4,1,1
71,1741,5,305,10539,3,0.6,1,1
72,1242,5,308,6243,4,0.8,1,1
73,1551,6,316,7557,4,0.8,1,1
74,1120,5,321,15978,5,1.0,1,1
75,1820,5,328,13828,5,1.0,1,1
76,1820,1,328,5512,2,0.4,1,1
77,1820,3,328,8359,5,1.0,1,1
78,1820,5,328,4470,1,0.2,1,1
79,1525,4,329,11199,3,0.6,1,1
80,1843,10,350,6196,3,0.6,1,1
81,1604,5,362,11326,3,0.6,1,1
82,1604,3,362,7272,5,1.0,1,1
83,1604,5,362,10027,4,0.8,1,1
84,1604,8,362,8640,3,0.6,1,1
85,1026,3,362,78,2,0.4,1,1
86,1841,3,365,15310,5,1.0,1,1
87,1841,5,365,15072,4,0.8,1,1
88,903,5,376,12884,2,0.4,1,1
89,1784,1,380,7419,2,0.4,1,1
90,1784,10,380,8057,3,0.6,1,1
91,1594,3,382,13057,5,1.0,1,1
92,1473,1,385,14968,3,0.6,1,1
93,1712,6,393,3860,5,1.0,1,1
94,1712,9,393,2112,4,0.8,1,1
95,1712,8,393,2732,5,1.0,1,1
96,1712,3,393,13230,3,0.6,1,1
97,1817,3,394,15864,5,1.0,1,1
98,1827,9,401,10890,3,0.6,1,1
99,1507,9,412,5618,3,0.6,1,1
100,1726,7,417,6542,4,0.8,1,1
101,1726,3,417,1805,5,1.0,1,1
102,1569,8,429,553,2,0.4,1,1
103,1710,8,442,7728,4,0.8,1,1
104,1710,1,442,12948,1,0.2,1,1
105,1807,6,446,1093,2,0.4,1,1
106,1557,5,452,11445,2,0.4,1,1
107,1557,4,452,12476,2,0.4,1,1
108,1765,5,459,12076,5,1.0,1,1
109,1375,2,462,3011,2,0.4,1,1
110,317,6,462,10378,4,0.8,1,1
111,317,8,462,1600,5,1.0,1,1
112,1592,1,467,11131,5,1.0,1,1
113,1727,4,468,2121,2,0.4,1,1
114,1240,6,477,9511,1,0.2,1,1
115,1619,7,484,9055,1,0.2,1,1
116,1619,6,484,13184,5,1.0,1,1
117,1081,2,485,10321,3,0.6,1,1
118,1755,9,503,7453,5,1.0,1,1
119,1828,9,510,7509,1,0.2,1,1
120,959,1,534,1074,4,0.8,1,1
121,1645,10,539,2101,5,1.0,1,1
122,1645,4,539,8564,2,0.4,1,1
123,1471,5,547,11929,2,0.4,1,1
124,1643,4,550,6484,2,0.4,1,1
125,1483,8,559,12450,2,0.4,1,1
126,1698,1,561,15909,5,1.0,1,1
127,1698,5,561,8417,5,1.0,1,1
128,1144,5,571,1111,1,0.2,1,1
129,1821,4,575,4572,1,0.2,1,1
130,988,3,577,5847,5,1.0,1,1
131,988,5,577,8385,1,0.2,1,1
132,1629,4,579,13466,2,0.4,1,1
133,696,4,598,5279,5,1.0,1,1
134,696,10,598,3545,4,0.8,1,1
135,1808,8,603,14809,1,0.2,1,1
136,1050,9,608,12110,1,0.2,1,1
137,1778,6,613,11564,1,0.2,1,1
138,1778,4,613,13868,4,0.8,1,1
139,1829,2,625,8305,4,0.8,1,1
140,1605,2,632,13724,4,0.8,1,1
141,1605,4,632,3539,1,0.2,1,1
142,947,9,641,10070,5,1.0,1,1
143,1459,4,647,13145,5,1.0,1,1
144,1789,8,661,5014,3,0.6,1,1
145,1830,10,664,7916,1,0.2,1,1
146,1830,10,664,10827,4,0.8,1,1
147,1830,2,664,10625,4,0.8,1,1
148,1619,4,681,13733,5,1.0,1,1
149,289,10,688,6715,4,0.8,1,1
150,1322,1,689,13294,3,0.6,1,1
151,922,7,689,2304,5,1.0,1,1
152,1684,5,690,8380,4,0.8,1,1
153,844,3,701,4572,3,0.6,1,1
154,1127,9,706,9054,4,0.8,1,1
155,1758,9,712,6667,3,0.6,1,1
156,1758,5,712,6816,3,0.6,1,1
157,1758,9,712,13784,2,0.4,1,1
158,1758,6,712,12502,3,0.6,1,1
159,1798,9,716,3795,5,1.0,1,1
160,1100,5,722,6711,4,0.8,1,1
161,1115,2,726,8854,2,0.4,1,1
162,1115,8,726,13372,1,0.2,1,1
163,1115,6,726,8639,5,1.0,1,1
164,1115,8,726,13370,4,0.8,1,1
165,1426,3,734,12958,2,0.4,1,1
166,1426,2,734,7336,4,0.8,1,1
167,1202,5,734,421,1,0.2,1,1
168,1688,8,735,6221,3,0.6,1,1
169,1480,9,737,4261,2,0.4,1,1
170,1711,4,745,5715,1,0.2,1,1
171,1233,4,752,918,2,0.4,1,1
172,1233,5,752,6256,5,1.0,1,1
173,1233,5,752,7990,3,0.6,1,1
174,1233,9,752,15297,4,0.8,1,1
175,492,2,757,13320,3,0.6,1,1
176,834,10,761,11874,2,0.4,1,1
177,521,10,771,11795,2,0.4,1,1
178,681,6,778,362,2,0.4,1,1
179,1224,4,801,4654,4,0.8,1,1
180,740,3,822,12024,2,0.4,1,1
181,740,10,822,910,2,0.4,1,1
182,1803,6,823,4730,5,1.0,1,1
183,1635,8,835,13230,5,1.0,1,1
184,1254,7,838,14185,3,0.6,1,1
185,1795,4,855,11568,3,0.6,1,1
186,1795,8,855,13020,3,0.6,1,1
187,1836,6,855,2243,2,0.4,1,1
188,1836,5,855,15518,3,0.6,1,1
189,1836,6,855,13925,3,0.6,1,1
190,1611,8,857,6663,3,0.6,1,1
191,1611,7,857,1980,5,1.0,1,1
192,782,7,865,15734,4,0.8,1,1
193,1812,1,878,1363,4,0.8,1,1
194,1649,1,879,7959,4,0.8,1,1
195,968,6,880,15274,2,0.4,1,1
196,1809,8,899,9914,3,0.6,1,1
197,714,1,901,3405,2,0.4,1,1
198,1665,4,919,10331,3,0.6,1,1
199,1665,5,919,14469,3,0.6,1,1
200,1665,1,919,5674,3,0.6,1,1
201,1745,7,922,13149,4,0.8,1,1
202,1745,6,922,11489,5,1.0,1,1
203,1756,9,926,2435,2,0.4,1,1
204,1756,4,926,1889,5,1.0,1,1
205,1756,9,926,2753,4,0.8,1,1
206,1826,5,927,6270,1,0.2,1,1
207,762,2,936,7697,2,0.4,1,1
208,762,3,936,4252,3,0.6,1,1
209,1684,8,940,5222,5,1.0,1,1
210,1582,8,948,7644,1,0.2,1,1
211,1582,7,948,1794,4,0.8,1,1
212,1007,4,955,502,3,0.6,1,1
213,1007,10,955,5287,5,1.0,1,1
214,1390,7,958,9054,1,0.2,1,1
215,1390,2,958,13960,1,0.2,1,1
216,1390,6,958,1797,3,0.6,1,1
217,1607,9,959,7609,3,0.6,1,1
218,1741,8,986,13789,3,0.6,1,1
219,1741,2,986,4123,4,0.8,1,1
220,1741,3,986,9271,1,0.2,1,1
221,1741,6,986,10284,4,0.8,1,1
222,1777,3,989,12623,2,0.4,1,1
223,1841,10,999,12538,3,0.6,1,1
224,1841,10,999,9660,2,0.4,1,1
225,1841,9,999,11504,1,0.2,1,1
226,466,8,1000,1936,2,0.4,1,1
227,1122,6,1006,322,5,1.0,1,1
228,1122,9,1006,15672,3,0.6,1,1
229,1511,9,1012,6979,5,1.0,1,1
230,778,5,1018,6874,1,0.2,1,1
231,1193,3,1026,4877,1,0.2,1,1
232,1440,6,1030,535,3,0.6,1,1
233,1440,8,1030,1244,2,0.4,1,1
234,1440,3,1030,13029,3,0.6,1,1
235,1658,8,1036,7865,2,0.4,1,1
236,1658,8,1036,4261,3,0.6,1,1
237,1658,6,1036,13353,2,0.4,1,1
238,1006,5,1037,8284,3,0.6,1,1
239,1731,10,1042,4806,1,0.2,1,1
240,842,3,1045,6115,1,0.2,1,1
241,473,7,1055,11505,4,0.8,1,1
242,1166,7,1071,4729,4,0.8,1,1
243,1839,1,1072,15646,5,1.0,1,1
244,709,1,1074,13738,5,1.0,1,1
245,979,6,1078,13764,1,0.2,1,1
246,1552,10,1078,8208,4,0.8,1,1
247,1449,1,1080,15855,5,1.0,1,1
248,1449,6,1080,290,5,1.0,1,1
249,1284,8,1083,2086,3,0.6,1,1
250,1842,10,1109,9409,3,0.6,1,1
251,1842,2,1109,10539,1,0.2,1,1
252,1842,10,1109,948,1,0.2,1,1
253,1842,9,1109,14947,1,0.2,1,1
254,1254,9,1115,2893,2,0.4,1,1
255,1478,9,1126,10438,1,0.2,1,1
256,1478,10,1126,1511,4,0.8,1,1
257,1152,10,1130,15664,2,0.4,1,1
258,1152,2,1130,9726,4,0.8,1,1
259,1416,5,1176,3099,4,0.8,1,1
260,1682,8,1182,14791,2,0.4,1,1
261,1682,6,1182,9696,1,0.2,1,1
262,1721,3,1203,9187,5,1.0,1,1
263,1048,6,1206,8334,4,0.8,1,1
264,951,9,1213,1315,4,0.8,1,1
265,1555,1,1214,3548,4,0.8,1,1
266,1060,10,1214,12845,3,0.6,1,1
267,1277,1,1225,3624,5,1.0,1,1
268,1083,7,1227,10239,1,0.2,1,1
269,1483,1,1233,11989,2,0.4,1,1
270,549,6,1238,941,4,0.8,1,1
271,1422,3,1239,9595,3,0.6,1,1
272,1422,4,1239,6547,5,1.0,1,1
273,1717,6,1255,11211,5,1.0,1,1
274,1537,8,1256,4974,2,0.4,1,1
275,1393,10,1257,9418,3,0.6,1,1
276,1799,10,1267,3521,2,0.4,1,1
277,1639,4,1284,8868,2,0.4,1,1
278,1639,4,1284,15090,3,0.6,1,1
279,1639,3,1284,2426,1,0.2,1,1
280,1639,1,1284,12909,5,1.0,1,1
281,1820,10,1307,1445,1,0.2,1,1
282,1820,3,1307,9866,5,1.0,1,1
283,1508,6,1310,11909,1,0.2,1,1
284,1508,6,1310,806,3,0.6,1,1
285,1797,4,1312,14697,2,0.4,1,1
286,555,4,1320,7042,3,0.6,1,1
287,1787,3,1321,8447,4,0.8,1,1
288,1314,5,1330,4933,2,0.4,1,1
289,1377,4,1334,7503,3,0.6,1,1
290,1514,1,1334,8190,2,0.4,1,1
291,1316,8,1335,5981,1,0.2,1,1
292,1316,7,1335,15202,1,0.2,1,1
293,626,8,1336,15675,2,0.4,1,1
294,530,7,1341,2944,1,0.2,1,1
295,1654,8,1345,2915,4,0.8,1,1
296,1107,7,1347,8580,2,0.4,1,1
297,1647,4,1351,5196,4,0.8,1,1
298,1190,10,1365,2085,1,0.2,1,1
299,1494,2,1366,12562,2,0.4,1,1
300,1494,9,1366,1543,5,1.0,1,1
301,1824,9,1372,2518,1,0.2,1,1
302,1675,3,1377,6999,2,0.4,1,1
303,1778,2,1392,14840,4,0.8,1,1
304,882,10,1403,13232,3,0.6,1,1
305,1157,6,1406,3004,4,0.8,1,1
306,1157,4,1406,11051,2,0.4,1,1
307,1157,2,1406,13464,5,1.0,1,1
308,1157,6,1406,4650,4,0.8,1,1
309,1621,5,1410,12884,5,1.0,1,1
310,1797,2,1422,11977,4,0.8,1,1
311,1374,1,1428,5117,1,0.2,1,1
312,1398,7,1443,1014,4,0.8,1,1
313,1763,7,1447,6139,1,0.2,1,1
314,1763,6,1447,1778,3,0.6,1,1
315,1842,5,1448,5780,1,0.2,1,1
316,627,7,1479,4903,3,0.6,1,1
317,586,4,1483,8925,1,0.2,1,1
318,1232,7,1485,15561,4,0.8,1,1
319,1232,1,1485,14492,3,0.6,1,1
320,1232,6,1485,13679,1,0.2,1,1
321,1201,3,1499,15077,2,0.4,1,1
322,1839,3,1503,9165,5,1.0,1,1
323,1838,1,1503,13633,2,0.4,1,1
324,1838,9,1503,4272,2,0.4,1,1
325,1381,3,1506,334,4,0.8,1,1
326,1746,1,1527,13097,1,0.2,1,1
327,1560,10,1533,11853,2,0.4,1,1
328,1560,5,1533,15619,3,0.6,1,1
329,1560,10,1533,1542,4,0.8,1,1
330,1560,3,1533,12263,4,0.8,1,1
331,1045,3,1533,5561,2,0.4,1,1
332,1045,9,1533,13009,2,0.4,1,1
333,1736,3,1534,9140,3,0.6,1,1
334,1736,2,1534,13639,2,0.4,1,1
335,1736,1,1534,11346,4,0.8,1,1
336,1736,4,1534,7369,3,0.6,1,1
337,1479,7,1545,11099,3,0.6,1,1
338,1479,5,1545,14694,5,1.0,1,1
339,1780,6,1555,14336,1,0.2,1,1
340,1721,1,1564,11204,3,0.6,1,1
341,1708,1,1571,15054,4,0.8,1,1
342,1840,1,1573,13587,2,0.4,1,1
343,874,7,1579,2789,1,0.2,1,1
344,1413,9,1594,5570,4,0.8,1,1
345,1413,10,1594,7652,5,1.0,1,1
346,1458,3,1596,8731,2,0.4,1,1
347,1339,2,1598,3353,1,0.2,1,1
348,1678,6,1598,4613,2,0.4,1,1
349,1678,2,1598,667,4,0.8,1,1
350,1678,2,1598,11890,1,0.2,1,1
351,1678,8,1598,8025,4,0.8,1,1
352,579,7,1598,10717,5,1.0,1,1
353,1582,8,1605,12762,2,0.4,1,1
354,1173,10,1605,10599,1,0.2,1,1
355,1839,5,1606,5686,4,0.8,1,1
356,1839,8,1606,7788,3,0.6,1,1
357,1834,3,1606,2955,3,0.6,1,1
358,1834,9,1606,1357,3,0.6,1,1
359,1315,10,1609,10073,1,0.2,1,1
360,1416,8,1612,681,4,0.8,1,1
361,1416,10,1612,6400,2,0.4,1,1
362,1156,3,1648,9560,2,0.4,1,1
363,1127,9,1648,10695,2,0.4,1,1
364,382,3,1649,11211,2,0.4,1,1
365,1097,2,1649,5165,1,0.2,1,1
366,639,7,1650,4442,3,0.6,1,1
367,1271,10,1650,13546,1,0.2,1,1
368,1484,4,1653,5703,2,0.4,1,1
369,1341,5,1655,9128,2,0.4,1,1
370,1841,5,1681,5207,3,0.6,1,1
371,1841,8,1681,15012,5,1.0,1,1
372,1841,9,1681,5604,5,1.0,1,1
373,1841,10,1681,3764,3,0.6,1,1
374,1797,3,1683,2406,3,0.6,1,1
375,1559,7,1688,447,3,0.6,1,1
376,1628,3,1697,14765,5,1.0,1,1
377,1628,1,1697,9933,4,0.8,1,1
378,1571,1,1697,4791,2,0.4,1,1
379,1571,3,1697,2040,1,0.2,1,1
380,1811,3,1702,4518,1,0.2,1,1
381,1811,4,1704,14192,2,0.4,1,1
382,1838,7,1707,3835,3,0.6,1,1
383,1838,1,1707,3935,5,1.0,1,1
384,831,8,1712,12493,4,0.8,1,1
385,1841,6,1715,11614,2,0.4,1,1
386,1519,10,1726,12803,4,0.8,1,1
387,1519,8,1726,4744,2,0.4,1,1
388,1283,8,1729,15509,5,1.0,1,1
389,1283,5,1729,2347,5,1.0,1,1
390,1283,8,1729,11614,1,0.2,1,1
391,1490,5,1735,11522,5,1.0,1,1
392,603,6,1740,11943,3,0.6,1,1
393,948,3,1754,15816,3,0.6,1,1
394,1549,6,1756,8213,4,0.8,1,1
395,1406,9,1756,14889,4,0.8,1,1
396,1597,2,1757,7327,3,0.6,1,1
397,1255,9,1759,12316,3,0.6,1,1
398,1600,2,1768,506,3,0.6,1,1
399,1600,7,1768,1573,1,0.2,1,1
400,1600,9,1768,10571,2,0.4,1,1
401,617,2,1768,4971,2,0.4,1,1
402,1723,8,1770,7265,1,0.2,1,1
403,605,2,1772,7113,5,1.0,1,1
404,605,5,1772,2301,2,0.4,1,1
405,1190,6,1774,111,3,0.6,1,1
406,1724,8,1777,11376,4,0.8,1,1
407,1572,9,1779,299,1,0.2,1,1
408,1572,9,1779,13462,2,0.4,1,1
409,1618,7,1797,15682,5,1.0,1,1
410,1837,4,1801,7343,2,0.4,1,1
411,1033,4,1826,10656,1,0.2,1,1
412,1033,4,1826,2404,3,0.6,1,1
413,1649,9,1827,3804,5,1.0,1,1
414,1113,3,1832,5827,5,1.0,1,1
415,1088,9,1848,14936,5,1.0,1,1
416,1645,1,1848,6354,5,1.0,1,1
417,1546,6,1861,4037,5,1.0,1,1
418,1681,4,1867,7161,5,1.0,1,1
419,1262,3,1868,15161,3,0.6,1,1
420,1742,3,1875,3078,1,0.2,1,1
421,1742,3,1875,5254,5,1.0,1,1
422,1464,4,1894,9025,2,0.4,1,1
423,1828,9,1927,14694,5,1.0,1,1
424,1828,7,1927,1504,2,0.4,1,1
425,1828,5,1927,4591,1,0.2,1,1
426,1828,7,1927,4263,3,0.6,1,1
427,1686,7,1936,15888,5,1.0,1,1
428,1318,7,1961,13339,4,0.8,1,1
429,1549,8,1963,8739,3,0.6,1,1
430,1532,3,1967,404,3,0.6,1,1
431,1532,1,1967,9898,1,0.2,1,1
432,1532,5,1967,8255,5,1.0,1,1
433,1837,5,1967,14438,2,0.4,1,1
434,1836,10,1971,13673,5,1.0,1,1
435,699,2,2002,5340,1,0.2,1,1
436,1635,7,2005,14722,2,0.4,1,1
437,1635,3,2005,14844,4,0.8,1,1
438,1544,3,2005,13217,2,0.4,1,1
439,1832,7,2011,8902,2,0.4,1,1
440,866,7,2016,13867,4,0.8,1,1
441,1552,10,2041,2513,2,0.4,1,1
442,1552,4,2041,2232,3,0.6,1,1
443,1552,2,2041,3502,2,0.4,1,1
444,1552,5,2041,8597,2,0.4,1,1
445,1799,7,2041,12860,1,0.2,1,1
446,1213,10,2047,7765,2,0.4,1,1
447,1551,4,2054,6065,4,0.8,1,1
448,1551,3,2054,4475,3,0.6,1,1
449,1687,6,2055,4548,1,0.2,1,1
450,1837,2,2057,13570,5,1.0,1,1
451,1067,5,2062,3462,5,1.0,1,1
452,1828,2,2065,4910,5,1.0,1,1
453,1829,8,2066,6623,2,0.4,1,1
454,1298,8,2073,15176,3,0.6,1,1
455,1564,2,2079,8152,5,1.0,1,1
456,1842,10,2086,9488,4,0.8,1,1
457,1463,3,2104,14052,1,0.2,1,1
458,1178,6,2115,15373,3,0.6,1,1
459,1548,1,2123,2883,4,0.8,1,1
460,967,5,2129,12160,1,0.2,1,1
461,967,8,2129,3558,4,0.8,1,1
462,967,10,2129,7111,2,0.4,1,1
463,967,8,2129,4787,3,0.6,1,1
464,1841,4,2130,9951,5,1.0,1,1
465,1841,2,2139,6429,1,0.2,1,1
466,1841,10,2139,4456,5,1.0,1,1
467,1059,6,2146,10280,2,0.4,1,1
468,1709,8,2151,12053,4,0.8,1,1
469,1245,7,2159,4120,1,0.2,1,1
470,465,2,2160,12018,3,0.6,1,1
471,465,5,2160,647,3,0.6,1,1
472,1624,9,2162,2757,3,0.6,1,1
473,1077,7,2162,84,3,0.6,1,1
474,1835,6,2168,6978,1,0.2,1,1
475,325,1,2170,12935,1,0.2,1,1
476,325,8,2170,12971,2,0.4,1,1
477,325,10,2170,8163,4,0.8,1,1
478,812,4,2171,15829,5,1.0,1,1
479,430,7,2172,13626,3,0.6,1,1
480,1435,2,2174,3828,4,0.8,1,1
481,554,9,2176,9094,5,1.0,1,1
482,554,10,2176,12515,4,0.8,1,1
483,554,10,2176,6371,5,1.0,1,1
484,554,7,2176,7662,1,0.2,1,1
485,1515,10,2177,11471,1,0.2,1,1
486,1632,10,2179,12777,1,0.2,1,1
487,1571,10,2180,9462,1,0.2,1,1
488,1834,2,2180,916,2,0.4,1,1
489,1796,6,2182,12938,5,1.0,1,1
490,1675,10,2193,5580,4,0.8,1,1
491,1251,7,2196,285,1,0.2,1,1
492,1055,6,2223,15886,4,0.8,1,1
493,1055,8,2223,3143,5,1.0,1,1
494,1784,9,2228,4758,1,0.2,1,1
495,1636,7,2243,9484,4,0.8,1,1
496,1146,1,2250,9422,2,0.4,1,1
497,1234,10,2267,5220,2,0.4,1,1
498,1234,1,2267,13355,3,0.6,1,1
499,1340,2,2274,11078,3,0.6,1,1
500,1820,7,2292,6810,1,0.2,1,1
501,1797,8,2292,12851,3,0.6,1,1
502,1784,6,2292,6949,3,0.6,1,1
503,1616,6,2298,4406,2,0.4,1,1
504,1527,5,2323,3133,4,0.8,1,1
505,1527,1,2323,12080,3,0.6,1,1
506,1585,8,2326,5745,3,0.6,1,1
507,1585,3,2326,4411,2,0.4,1,1
508,1802,9,2342,11893,5,1.0,1,1
509,1830,6,2350,4183,4,0.8,1,1
510,1757,6,2360,7545,2,0.4,1,1
511,1800,8,2364,10517,1,0.2,1,1
512,1800,6,2364,14389,3,0.6,1,1
513,1443,10,2365,6511,5,1.0,1,1
514,1838,4,2377,7651,3,0.6,1,1
515,1838,5,2377,13487,1,0.2,1,1
516,735,2,2378,13604,4,0.8,1,1
517,1388,6,2379,10064,5,1.0,1,1
518,1797,8,2393,15086,2,0.4,1,1
519,1809,7,2395,10810,2,0.4,1,1
520,873,5,2397,11751,4,0.8,1,1
521,873,6,2397,2522,3,0.6,1,1
522,1318,8,2407,9455,3,0.6,1,1
523,1696,3,2407,6739,2,0.4,1,1
524,1696,6,2407,13048,1,0.2,1,1
525,1198,2,2430,5264,2,0.4,1,1
526,1198,10,2430,11526,3,0.6,1,1
527,1198,9,2430,3561,5,1.0,1,1
528,805,5,2437,11552,5,1.0,1,1
529,805,9,2437,11368,2,0.4,1,1
530,1811,7,2439,14971,5,1.0,1,1
531,1811,2,2439,11367,2,0.4,1,1
532,1811,2,2439,8422,1,0.2,1,1
533,1811,10,2439,4347,4,0.8,1,1
534,330,5,2445,7233,2,0.4,1,1
535,330,6,2445,8933,5,1.0,1,1
536,1682,6,2457,11653,4,0.8,1,1
537,1682,3,2457,5929,4,0.8,1,1
538,1778,2,2464,14679,3,0.6,1,1
539,1253,10,2479,4125,5,1.0,1,1
540,1439,2,2495,2538,3,0.6,1,1
541,1439,4,2495,12107,4,0.8,1,1
542,1439,1,2495,14297,2,0.4,1,1
543,1823,9,2496,11834,2,0.4,1,1
544,1821,5,2496,3018,1,0.2,1,1
545,1821,8,2496,10279,2,0.4,1,1
546,1825,4,2496,13877,2,0.4,1,1
547,1825,4,2496,11768,4,0.8,1,1
548,1805,4,2497,251,2,0.4,1,1
549,1805,1,2497,7621,3,0.6,1,1
550,1092,4,2504,6440,1,0.2,1,1
551,1187,10,2512,66,4,0.8,1,1
552,1524,8,2513,13034,4,0.8,1,1
553,1744,9,2517,14297,5,1.0,1,1
554,1618,10,2522,15789,2,0.4,1,1
555,1618,7,2522,5109,2,0.4,1,1
556,1748,9,2524,10555,5,1.0,1,1
557,450,7,2535,10459,5,1.0,1,1
558,1588,7,2536,15777,3,0.6,1,1
559,1588,6,2536,7946,3,0.6,1,1
560,1526,7,2538,6470,3,0.6,1,1
561,159,6,2539,12266,2,0.4,1,1
562,1120,6,2547,14209,5,1.0,1,1
563,1715,6,2554,4385,1,0.2,1,1
564,1181,3,2567,15671,3,0.6,1,1
565,1822,4,2577,9837,5,1.0,1,1
566,1832,10,2577,9335,2,0.4,1,1
567,1471,2,2578,4653,5,1.0,1,1
568,1566,8,2580,13311,5,1.0,1,1
569,1487,6,2583,9963,1,0.2,1,1
570,1487,10,2583,3153,2,0.4,1,1
571,1786,6,2584,14648,5,1.0,1,1
572,1786,4,2584,1777,4,0.8,1,1
573,1786,5,2584,817,5,1.0,1,1
574,1726,1,2585,4403,4,0.8,1,1
575,1673,10,2591,2546,4,0.8,1,1
576,1470,8,2599,12854,5,1.0,1,1
577,1664,7,2620,10790,1,0.2,1,1
578,1242,3,2621,11227,1,0.2,1,1
579,610,9,2623,2270,4,0.8,1,1
580,1002,9,2624,2287,1,0.2,1,1
581,1002,6,2624,4884,4,0.8,1,1
582,1379,3,2634,10509,1,0.2,1,1
583,1830,6,2641,14021,1,0.2,1,1
584,1784,5,2647,12895,5,1.0,1,1
585,1669,5,2664,9217,1,0.2,1,1
586,1577,10,2668,2802,4,0.8,1,1
587,1577,7,2668,5209,2,0.4,1,1
588,1577,7,2668,8412,2,0.4,1,1
589,1577,8,2668,8811,3,0.6,1,1
590,1824,9,2683,3629,3,0.6,1,1
591,1308,6,2692,9349,2,0.4,1,1
592,1160,10,2695,7262,5,1.0,1,1
593,1160,7,2695,2717,2,0.4,1,1
594,676,9,2695,12645,5,1.0,1,1
595,1753,6,2709,4012,1,0.2,1,1
596,1753,10,2709,1303,1,0.2,1,1
597,1688,6,2719,13271,5,1.0,1,1
598,894,2,2733,6200,1,0.2,1,1
599,894,10,2733,9655,1,0.2,1,1
600,894,9,2733,2745,4,0.8,1,1
601,894,3,2733,8119,2,0.4,1,1
602,1054,4,2754,418,5,1.0,1,1
603,1054,3,2754,9784,2,0.4,1,1
604,1054,1,2754,12070,4,0.8,1,1
605,1819,2,2757,14956,3,0.6,1,1
606,1260,2,2764,818,1,0.2,1,1
607,1260,7,2764,4642,5,1.0,1,1
608,330,7,2765,9562,4,0.8,1,1
609,330,7,2765,670,4,0.8,1,1
610,1638,3,2766,6298,3,0.6,1,1
611,1484,3,2771,10983,1,0.2,1,1
612,1406,5,2779,7837,3,0.6,1,1
613,700,3,2780,934,4,0.8,1,1
614,1830,5,2783,6753,4,0.8,1,1
615,1830,2,2783,7178,2,0.4,1,1
616,1232,5,2786,6679,4,0.8,1,1
617,1232,4,2786,1925,2,0.4,1,1
618,1656,6,2794,430,1,0.2,1,1
619,1656,6,2794,2820,4,0.8,1,1
620,1749,2,2801,15530,5,1.0,1,1
621,1471,5,2815,13211,1,0.2,1,1
622,1471,10,2815,8067,1,0.2,1,1
623,1094,9,2817,10917,1,0.2,1,1
624,1002,6,2819,6294,1,0.2,1,1
625,1110,3,2821,802,1,0.2,1,1
626,1477,9,2827,11463,1,0.2,1,1
627,1477,1,2827,6322,3,0.6,1,1
628,1477,7,2827,3437,3,0.6,1,1
629,1714,1,2835,5228,5,1.0,1,1
630,1714,10,2835,4773,3,0.6,1,1
631,1679,2,2843,4171,2,0.4,1,1
632,1733,4,2862,5896,5,1.0,1,1
633,1164,8,2868,9611,2,0.4,1,1
634,1416,9,2888,4403,2,0.4,1,1
635,1479,6,2894,12710,1,0.2,1,1
636,586,3,2895,1435,5,1.0,1,1
637,586,6,2895,1751,5,1.0,1,1
638,1727,3,2904,12457,4,0.8,1,1
639,1727,3,2904,5003,5,1.0,1,1
640,1245,3,2906,14537,4,0.8,1,1
641,1245,1,2906,13181,5,1.0,1,1
642,1245,1,2906,6372,5,1.0,1,1
643,1245,2,2906,12795,3,0.6,1,1
644,1402,5,2906,12648,1,0.2,1,1
645,1402,6,2906,13158,2,0.4,1,1
646,1457,10,2907,1115,5,1.0,1,1
647,1722,3,2908,2465,1,0.2,1,1
648,1722,8,2908,5805,2,0.4,1,1
649,1808,10,2913,5365,2,0.4,1,1
650,1280,10,2916,13345,3,0.6,1,1
651,1122,8,2917,14045,5,1.0,1,1
652,1122,7,2917,7566,4,0.8,1,1
653,1201,2,2923,60,5,1.0,1,1
654,1492,2,2926,6178,3,0.6,1,1
655,1781,4,2945,11185,3,0.6,1,1
656,1363,3,2945,3464,2,0.4,1,1
657,1363,8,2945,5033,2,0.4,1,1
658,1641,7,2948,11920,1,0.2,1,1
659,1816,6,2950,12756,1,0.2,1,1
660,1840,8,2959,6975,5,1.0,1,1
661,708,2,2971,11741,5,1.0,1,1
662,708,2,2971,4228,3,0.6,1,1
663,1541,9,2979,4925,5,1.0,1,1
664,1599,10,2979,9809,5,1.0,1,1
665,1599,9,2979,10274,4,0.8,1,1
666,1629,9,2995,6181,2,0.4,1,1
667,928,5,2999,5463,3,0.6,1,1
668,655,3,3003,4484,4,0.8,1,1
669,655,4,3003,5567,3,0.6,1,1
670,1129,7,3015,659,4,0.8,1,1
671,1803,7,3032,1022,4,0.8,1,1
672,1595,2,3033,3398,4,0.8,1,1
673,1840,1,3041,1856,4,0.8,1,1
674,1840,2,3041,1273,3,0.6,1,1
675,1736,9,3044,13988,4,0.8,1,1
676,893,10,3052,11315,4,0.8,1,1
677,1814,5,3055,14774,4,0.8,1,1
678,1814,5,3055,1921,1,0.2,1,1
679,1426,9,3056,8357,1,0.2,1,1
680,1790,4,3062,6615,1,0.2,1,1
681,1790,5,3062,334,5,1.0,1,1
682,1622,10,3065,15314,5,1.0,1,1
683,1054,3,3078,12054,3,0.6,1,1
684,1770,1,3080,2658,5,1.0,1,1
685,1770,1,3080,4527,1,0.2,1,1
686,1752,5,3080,7976,4,0.8,1,1
687,1814,4,3081,15230,3,0.6,1,1
688,1475,9,3082,1028,1,0.2,1,1
689,1650,7,3082,7372,5,1.0,1,1
690,1442,9,3087,11911,2,0.4,1,1
691,1442,9,3087,2476,3,0.6,1,1
692,1442,1,3087,7646,2,0.4,1,1
693,1442,2,3087,14545,4,0.8,1,1
694,471,3,3088,8404,2,0.4,1,1
695,1809,6,3094,9431,1,0.2,1,1
696,640,4,3106,6772,4,0.8,1,1
697,640,4,3106,14244,5,1.0,1,1
698,1794,10,3107,3335,1,0.2,1,1
699,1794,1,3107,8040,4,0.8,1,1
700,1562,4,3117,8732,1,0.2,1,1
701,784,5,3119,13103,1,0.2,1,1
702,784,4,3119,4397,3,0.6,1,1
703,1336,3,3119,3260,4,0.8,1,1
704,1586,4,3123,15304,3,0.6,1,1
705,1586,7,3123,172,1,0.2,1,1
706,1749,3,3127,9576,2,0.4,1,1
707,1749,10,3127,4315,2,0.4,1,1
708,1710,10,3130,13032,3,0.6,1,1
709,1710,7,3130,9635,5,1.0,1,1
710,1710,5,3130,8770,2,0.4,1,1
711,1710,5,3130,4482,4,0.8,1,1
712,1724,1,3141,2811,4,0.8,1,1
713,962,7,3150,7714,4,0.8,1,1
714,1576,5,3154,479,2,0.4,1,1
715,1692,8,3161,13933,3,0.6,1,1
716,541,10,3168,10552,1,0.2,1,1
717,1388,7,3177,8140,1,0.2,1,1
718,1639,8,3188,9683,2,0.4,1,1
719,771,4,3188,1353,1,0.2,1,1
720,1712,2,3199,7530,1,0.2,1,1
721,816,3,3219,557,4,0.8,1,1
722,1702,2,3224,7988,2,0.4,1,1
723,1702,9,3224,54,3,0.6,1,1
724,1616,3,3230,6600,3,0.6,1,1
725,1401,7,3233,14331,3,0.6,1,1
726,722,9,3238,361,3,0.6,1,1
727,1257,5,3254,13376,5,1.0,1,1
728,1375,5,3259,14767,1,0.2,1,1
729,1358,2,3273,15805,4,0.8,1,1
730,1358,4,3273,13410,1,0.2,1,1
731,1798,9,3280,14092,4,0.8,1,1
732,1719,4,3283,479,2,0.4,1,1
733,1483,9,3286,11813,1,0.2,1,1
734,1483,8,3286,1522,4,0.8,1,1
735,1483,2,3286,1107,1,0.2,1,1
736,1483,4,3286,6687,1,0.2,1,1
737,1589,7,3290,13772,2,0.4,1,1
738,1827,2,3294,1244,1,0.2,1,1
739,1539,4,3296,9421,4,0.8,1,1
740,1539,10,3296,8845,3,0.6,1,1
741,1771,8,3299,15842,2,0.4,1,1
742,1059,8,3300,4103,5,1.0,1,1
743,1729,1,3311,6910,5,1.0,1,1
744,1064,4,3319,9405,2,0.4,1,1
745,825,6,3320,1962,1,0.2,1,1
746,388,10,3322,5586,1,0.2,1,1
747,1798,3,3326,9832,3,0.6,1,1
748,1798,5,3326,6004,2,0.4,1,1
749,1327,6,3327,12527,4,0.8,1,1
750,1780,4,3331,5667,1,0.2,1,1
751,1263,7,3332,11240,4,0.8,1,1
752,970,3,3334,9770,3,0.6,1,1
753,1647,9,3335,5761,1,0.2,1,1
754,1724,4,3343,141,2,0.4,1,1
755,1724,4,3343,1905,3,0.6,1,1
756,1809,8,3347,14191,1,0.2,1,1
757,914,8,3353,1536,1,0.2,1,1
758,1709,4,3361,8957,5,1.0,1,1
759,1292,9,3372,6426,3,0.6,1,1
760,1770,9,3376,5455,2,0.4,1,1
761,1770,3,3376,10205,5,1.0,1,1
762,1770,6,3376,11842,1,0.2,1,1
763,1808,2,3393,12432,1,0.2,1,1
764,1808,7,3393,5128,5,1.0,1,1
765,1215,9,3399,8004,1,0.2,1,1
766,1215,10,3399,2773,2,0.4,1,1
767,1215,6,3399,13238,3,0.6,1,1
768,1215,1,3399,10320,2,0.4,1,1
769,1639,2,3402,2097,2,0.4,1,1
770,1576,1,3404,6164,4,0.8,1,1
771,1561,1,3405,399,5,1.0,1,1
772,964,1,3405,15001,4,0.8,1,1
773,881,10,3407,11955,1,0.2,1,1
774,881,4,3407,10265,1,0.2,1,1
775,1416,10,3412,366,5,1.0,1,1
776,1416,2,3412,14173,1,0.2,1,1
777,1140,8,3413,5342,5,1.0,1,1
778,1696,7,3423,2755,3,0.6,1,1
779,1102,10,3424,6101,4,0.8,1,1
780,1102,8,3424,6985,2,0.4,1,1
781,1556,8,3430,4152,5,1.0,1,1
782,1556,5,3430,15620,3,0.6,1,1
783,1556,8,3430,14506,4,0.8,1,1
784,1556,3,3430,10645,4,0.8,1,1
785,961,9,3438,9872,3,0.6,1,1
786,1415,4,3439,96,2,0.4,1,1
787,1352,5,3458,15296,2,0.4,1,1
788,1352,7,3458,409,3,0.6,1,1
789,1352,3,3458,3910,3,0.6,1,1
790,1352,1,3458,8604,4,0.8,1,1
791,1279,5,3459,7918,2,0.4,1,1
792,1361,1,3460,11737,4,0.8,1,1
793,457,7,3483,9197,5,1.0,1,1
794,457,4,3483,10309,4,0.8,1,1
795,457,3,3483,8032,3,0.6,1,1
796,1544,4,3483,8124,4,0.8,1,1
797,335,7,3483,12994,4,0.8,1,1
798,975,8,3485,10009,4,0.8,1,1
799,975,8,3485,2786,4,0.8,1,1
800,1799,8,3505,1106,3,0.6,1,1
801,717,6,3516,5770,3,0.6,1,1
802,717,7,3516,2606,2,0.4,1,1
803,1679,9,3519,14357,2,0.4,1,1
804,1679,4,3519,726,2,0.4,1,1
805,1679,4,3519,12529,5,1.0,1,1
806,1679,4,3519,9687,5,1.0,1,1
807,798,6,3520,12361,4,0.8,1,1
808,798,9,3520,1419,4,0.8,1,1
809,1611,6,3523,12608,3,0.6,1,1
810,1611,4,3523,11271,4,0.8,1,1
811,1611,3,3523,4622,4,0.8,1,1
812,1781,2,3538,12340,5,1.0,1,1
813,1675,8,3540,2615,3,0.6,1,1
814,430,10,3552,2603,4,0.8,1,1
815,967,1,3554,7500,2,0.4,1,1
816,1586,4,3557,15812,3,0.6,1,1
817,1650,9,3573,5092,2,0.4,1,1
818,1502,7,3582,4488,5,1.0,1,1
819,369,7,3584,729,2,0.4,1,1
820,369,8,3584,14948,1,0.2,1,1
821,369,4,3584,4938,4,0.8,1,1
822,369,10,3584,13817,2,0.4,1,1
823,1572,5,3590,55,5,1.0,1,1
824,1572,3,3590,7293,4,0.8,1,1
825,1781,10,3591,6631,2,0.4,1,1
826,1430,3,3592,5466,4,0.8,1,1
827,1430,6,3592,4708,4,0.8,1,1
828,1430,4,3592,79,2,0.4,1,1
829,1430,8,3592,4195,3,0.6,1,1
830,1208,10,3593,11335,5,1.0,1,1
831,1763,9,3606,12695,1,0.2,1,1
832,968,2,3612,9398,1,0.2,1,1
833,1394,2,3613,15043,1,0.2,1,1
834,1394,1,3613,14385,1,0.2,1,1
835,1394,6,3613,3836,1,0.2,1,1
836,1742,6,3613,5258,3,0.6,1,1
837,1123,4,3619,8942,2,0.4,1,1
838,601,4,3622,8465,3,0.6,1,1
839,601,2,3622,5095,3,0.6,1,1
840,734,10,3634,10082,3,0.6,1,1
841,1841,10,3635,8526,4,0.8,1,1
842,655,8,3638,9703,3,0.6,1,1
843,1500,3,3641,12566,3,0.6,1,1
844,1813,5,3644,10933,1,0.2,1,1
845,1813,9,3644,11645,2,0.4,1,1
846,1813,3,3644,6767,2,0.4,1,1
847,1813,7,3644,3497,1,0.2,1,1
848,1176,9,3650,23,5,1.0,1,1
849,1841,7,3652,13090,2,0.4,1,1
850,1790,9,3653,196,5,1.0,1,1
851,1790,8,3653,15459,3,0.6,1,1
852,1711,4,3681,14896,1,0.2,1,1
853,961,3,3698,110,4,0.8,1,1
854,961,2,3698,5077,1,0.2,1,1
855,1257,3,3705,10396,4,0.8,1,1
856,1785,8,3720,14417,4,0.8,1,1
857,1785,8,3720,1237,2,0.4,1,1
858,1588,1,3750,10937,5,1.0,1,1
859,1243,6,3752,743,4,0.8,1,1
860,1458,10,3771,6971,5,1.0,1,1
861,1692,3,3773,7859,4,0.8,1,1
862,1357,1,3787,1834,4,0.8,1,1
863,1801,10,3790,5373,3,0.6,1,1
864,1822,6,3799,11831,1,0.2,1,1
865,1449,6,3810,4180,1,0.2,1,1
866,1130,3,3814,4202,2,0.4,1,1
867,1130,10,3814,4685,3,0.6,1,1
868,1164,7,3814,5894,2,0.4,1,1
869,1164,2,3814,4492,2,0.4,1,1
870,1164,6,3814,5442,3,0.6,1,1
871,1164,2,3814,9624,3,0.6,1,1
872,1822,10,3819,14555,4,0.8,1,1
873,1822,1,3819,1354,5,1.0,1,1
874,1403,10,3831,14422,4,0.8,1,1
875,1403,3,3831,13046,3,0.6,1,1
876,1759,5,3852,10531,2,0.4,1,1
877,1841,9,3855,9804,3,0.6,1,1
878,1836,9,3855,2306,1,0.2,1,1
879,1675,8,3885,3626,3,0.6,1,1
880,1675,3,3885,10755,1,0.2,1,1
881,573,4,3898,15286,3,0.6,1,1
882,1739,5,3912,7323,4,0.8,1,1
883,1739,7,3912,1720,3,0.6,1,1
884,1695,1,3912,10383,3,0.6,1,1
885,330,8,3916,9201,1,0.2,1,1
886,330,6,3916,11562,5,1.0,1,1
887,1202,1,3918,1310,2,0.4,1,1
888,390,10,3919,5853,1,0.2,1,1
889,695,10,3922,9045,1,0.2,1,1
890,1764,5,3922,10111,4,0.8,1,1
891,610,4,3922,14090,4,0.8,1,1
892,1729,7,3934,392,4,0.8,1,1
893,1729,1,3934,14633,3,0.6,1,1
894,1659,7,3941,5184,3,0.6,1,1
895,1659,6,3955,13845,5,1.0,1,1
896,1793,7,3959,13827,4,0.8,1,1
897,1793,6,3959,14476,2,0.4,1,1
898,1342,6,3967,12989,3,0.6,1,1
899,1631,9,3975,13206,2,0.4,1,1
900,1771,8,3975,14928,3,0.6,1,1
901,1669,5,3984,6630,1,0.2,1,1
902,1669,8,3984,2330,1,0.2,1,1
903,1669,6,3984,3342,5,1.0,1,1
904,1669,2,3984,8583,1,0.2,1,1
905,1830,3,3996,4195,1,0.2,1,1
906,1799,4,3996,10727,1,0.2,1,1
907,940,3,3999,11841,3,0.6,1,1
908,1684,2,4009,5996,2,0.4,1,1
909,1122,10,4010,7881,2,0.4,1,1
910,1796,2,4014,10014,1,0.2,1,1
911,1796,1,4014,9598,1,0.2,1,1
912,1025,6,4031,4466,5,1.0,1,1
913,1840,2,4033,9393,2,0.4,1,1
914,1823,10,4034,9867,4,0.8,1,1
915,1823,6,4034,12966,1,0.2,1,1
916,1079,10,4044,2678,1,0.2,1,1
917,1796,1,4047,116,2,0.4,1,1
918,1808,4,4050,951,1,0.2,1,1
919,1517,3,4053,15597,1,0.2,1,1
920,1517,2,4053,3115,1,0.2,1,1
921,1048,7,4053,1973,2,0.4,1,1
922,1151,4,4081,14011,1,0.2,1,1
923,990,2,4091,5854,4,0.8,1,1
924,1384,6,4091,9317,5,1.0,1,1
925,1384,4,4091,94,4,0.8,1,1
926,1384,4,4091,5004,4,0.8,1,1
927,1384,10,4091,12080,2,0.4,1,1
928,1802,8,4115,3273,3,0.6,1,1
929,613,10,4118,6977,1,0.2,1,1
930,613,8,4118,5157,2,0.4,1,1
931,613,9,4118,8448,1,0.2,1,1
932,1709,2,4118,1531,2,0.4,1,1
933,1612,4,4124,10273,3,0.6,1,1
934,1602,3,4128,8772,5,1.0,1,1
935,1553,10,4128,1761,2,0.4,1,1
936,1553,2,4128,13243,1,0.2,1,1
937,1553,4,4128,5626,2,0.4,1,1
938,1242,6,4130,46,2,0.4,1,1
939,1242,3,4130,1373,4,0.8,1,1
940,1242,10,4130,4833,3,0.6,1,1
941,1371,10,4135,13334,4,0.8,1,1
942,1801,9,4135,10647,3,0.6,1,1
943,1801,4,4135,982,4,0.8,1,1
944,831,5,4141,6579,3,0.6,1,1
945,1627,4,4142,10286,5,1.0,1,1
946,1627,1,4142,3969,3,0.6,1,1
947,262,5,4158,8106,2,0.4,1,1
948,1299,2,4160,12086,1,0.2,1,1
949,1653,2,4171,5341,4,0.8,1,1
950,1497,6,4172,13195,1,0.2,1,1
951,1295,10,4177,8042,4,0.8,1,1
952,1295,2,4177,3445,4,0.8,1,1
953,1558,1,4193,2518,1,0.2,1,1
954,1558,6,4193,4842,5,1.0,1,1
955,1180,6,4193,5452,5,1.0,1,1
956,127,2,4203,14693,5,1.0,1,1
957,1388,5,4211,1280,3,0.6,1,1
958,1388,8,4211,8338,3,0.6,1,1
959,1388,8,4211,8667,3,0.6,1,1
960,1388,8,4211,63,3,0.6,1,1
961,1779,8,4220,11055,3,0.6,1,1
962,1638,9,4223,874,2,0.4,1,1
963,1827,4,4225,4427,5,1.0,1,1
964,1600,3,4231,7303,1,0.2,1,1
965,996,6,4232,4416,4,0.8,1,1
966,1099,8,4242,13544,4,0.8,1,1
967,861,6,4256,12438,4,0.8,1,1
968,1627,8,4259,5935,4,0.8,1,1
969,1627,8,4259,14543,2,0.4,1,1
970,1627,3,4259,4005,4,0.8,1,1
971,1760,7,4268,9804,1,0.2,1,1
972,1815,3,4274,992,3,0.6,1,1
973,1815,7,4274,3552,2,0.4,1,1
974,1815,7,4274,13509,3,0.6,1,1
975,1815,1,4274,2261,4,0.8,1,1
976,1770,3,4280,9133,2,0.4,1,1
977,1770,10,4280,8202,2,0.4,1,1
978,1744,4,4281,1859,1,0.2,1,1
979,1797,1,4281,8384,4,0.8,1,1
980,1715,8,4294,6851,2,0.4,1,1
981,1252,5,4305,5009,3,0.6,1,1
982,1252,4,4305,12141,1,0.2,1,1
983,1779,8,4311,11588,4,0.8,1,1
984,1779,3,4311,2975,3,0.6,1,1
985,1792,9,4314,7210,3,0.6,1,1
986,1792,4,4314,6690,2,0.4,1,1
987,1792,8,4314,11135,5,1.0,1,1
988,1792,8,4314,4431,4,0.8,1,1
989,416,7,4320,12970,2,0.4,1,1
990,1644,8,4324,4430,1,0.2,1,1
991,540,6,4328,9162,1,0.2,1,1
992,1833,2,4344,3676,3,0.6,1,1
993,1777,8,4351,4171,5,1.0,1,1
994,1777,5,4351,11146,2,0.4,1,1
995,1777,4,4351,7552,5,1.0,1,1
996,1777,8,4351,4782,2,0.4,1,1
997,1784,7,4360,7827,4,0.8,1,1
998,1480,1,4370,4435,3,0.6,1,1
999,1615,3,4371,8958,3,0.6,1,1
1000,1615,5,4371,3333,5,1.0,1,1
1001,1298,7,4376,1458,5,1.0,1,1
1002,815,2,4385,10039,5,1.0,1,1
1003,198,3,4386,6028,5,1.0,1,1
1004,198,5,4386,10336,3,0.6,1,1
1005,1204,6,4391,15162,2,0.4,1,1
1006,1348,6,4401,12557,5,1.0,1,1
1007,1630,8,4410,10183,1,0.2,1,1
1008,1425,1,4426,165,4,0.8,1,1
1009,1685,6,4429,156,4,0.8,1,1
1010,1690,4,4429,4194,2,0.4,1,1
1011,956,6,4435,14014,2,0.4,1,1
1012,374,6,4449,3845,4,0.8,1,1
1013,1421,5,4452,3591,5,1.0,1,1
1014,1421,6,4452,2334,5,1.0,1,1
1015,1115,6,4454,159,2,0.4,1,1
1016,1614,3,4472,12931,3,0.6,1,1
1017,1842,10,4484,8194,2,0.4,1,1
1018,1842,10,4484,4417,5,1.0,1,1
1019,1595,4,4491,7885,2,0.4,1,1
1020,1309,8,4492,13753,5,1.0,1,1
1021,1035,8,4492,9122,1,0.2,1,1
1022,1035,6,4492,12189,5,1.0,1,1
1023,1035,2,4492,3169,4,0.8,1,1
1024,1593,3,4504,3930,5,1.0,1,1
1025,1827,6,4505,1830,1,0.2,1,1
1026,922,9,4511,2856,4,0.8,1,1
1027,830,8,4529,276,5,1.0,1,1
1028,830,5,4529,1763,1,0.2,1,1
1029,830,8,4529,4423,4,0.8,1,1
1030,1840,4,4532,15118,3,0.6,1,1
1031,1513,3,4533,7313,3,0.6,1,1
1032,1513,1,4533,1393,4,0.8,1,1
1033,1513,4,4533,4227,2,0.4,1,1
1034,1513,1,4533,7238,3,0.6,1,1
1035,1529,6,4544,7389,5,1.0,1,1
1036,1718,8,4544,14075,5,1.0,1,1
1037,1718,3,4544,4433,3,0.6,1,1
1038,1718,6,4544,4773,4,0.8,1,1
1039,1718,6,4544,4504,5,1.0,1,1
1040,1203,9,4549,12177,2,0.4,1,1
1041,1640,4,4552,5742,5,1.0,1,1
1042,1640,10,4552,9409,1,0.2,1,1
1043,1139,5,4556,8861,1,0.2,1,1
1044,1139,4,4556,8263,5,1.0,1,1
1045,1103,9,4557,15545,3,0.6,1,1
1046,1103,4,4557,10218,4,0.8,1,1
1047,1103,7,4557,5484,1,0.2,1,1
1048,1103,5,4557,12709,3,0.6,1,1
1049,1602,4,4558,13487,2,0.4,1,1
1050,1774,5,4558,8062,1,0.2,1,1
1051,1790,1,4571,11144,4,0.8,1,1
1052,1805,2,4575,6056,3,0.6,1,1
1053,1805,8,4575,11135,2,0.4,1,1
1054,876,8,4578,4238,4,0.8,1,1
1055,1726,9,4613,2927,2,0.4,1,1
1056,1111,10,4624,2341,4,0.8,1,1
1057,1731,6,4633,152,1,0.2,1,1
1058,1731,5,4633,1449,4,0.8,1,1
1059,1731,5,4633,1585,2,0.4,1,1
1060,1769,10,4641,15632,4,0.8,1,1
1061,1769,5,4641,15096,2,0.4,1,1
1062,1585,10,4650,1992,2,0.4,1,1
1063,1726,6,4655,14568,1,0.2,1,1
1064,1814,2,4661,9765,1,0.2,1,1
1065,1570,6,4662,14710,5,1.0,1,1
1066,1389,8,4676,6817,3,0.6,1,1
1067,1389,3,4676,12121,3,0.6,1,1
1068,1475,7,4676,9954,5,1.0,1,1
1069,1475,1,4676,15075,4,0.8,1,1
1070,1812,6,4676,5520,4,0.8,1,1
1071,1594,3,4682,6733,3,0.6,1,1
1072,1594,10,4682,6405,1,0.2,1,1
1073,1594,5,4682,7272,3,0.6,1,1
1074,1594,10,4682,1803,5,1.0,1,1
1075,744,1,4684,3546,5,1.0,1,1
1076,1362,1,4687,8571,2,0.4,1,1
1077,1418,8,4691,15796,1,0.2,1,1
1078,784,2,4694,11718,2,0.4,1,1
1079,1062,3,4703,15435,1,0.2,1,1
1080,559,9,4739,10511,2,0.4,1,1
1081,408,4,4739,310,1,0.2,1,1
1082,1374,6,4739,11414,3,0.6,1,1
1083,1374,6,4739,10908,1,0.2,1,1
1084,1374,7,4739,15233,3,0.6,1,1
1085,1374,2,4739,2469,4,0.8,1,1
1086,486,7,4743,6311,5,1.0,1,1
1087,486,1,4743,4672,5,1.0,1,1
1088,493,7,4764,14288,4,0.8,1,1
1089,1732,3,4778,5587,5,1.0,1,1
1090,1679,2,4778,10011,2,0.4,1,1
1091,1772,8,4778,698,2,0.4,1,1
1092,1772,2,4778,5146,3,0.6,1,1
1093,1026,4,4782,10633,2,0.4,1,1
1094,1602,1,4785,9414,5,1.0,1,1
1095,1602,1,4785,14073,1,0.2,1,1
1096,1602,4,4785,2931,4,0.8,1,1
1097,1472,1,4800,2870,1,0.2,1,1
1098,1675,4,4800,836,2,0.4,1,1
1099,1212,3,4835,13814,2,0.4,1,1
1100,232,9,4845,6772,3,0.6,1,1
1101,232,6,4845,5379,4,0.8,1,1
1102,1498,7,4849,2046,1,0.2,1,1
1103,1143,9,4855,10611,3,0.6,1,1
1104,1143,8,4855,1295,1,0.2,1,1
1105,1446,7,4856,3371,5,1.0,1,1
1106,1446,2,4856,436,1,0.2,1,1
1107,1477,4,4856,15791,5,1.0,1,1
1108,1477,1,4856,8316,2,0.4,1,1
1109,492,4,4857,8272,5,1.0,1,1
1110,1775,8,4867,1219,1,0.2,1,1
1111,1775,6,4867,11833,1,0.2,1,1
1112,1775,10,4867,15048,3,0.6,1,1
1113,1775,9,4867,13753,2,0.4,1,1
1114,1061,7,4870,9440,2,0.4,1,1
1115,721,3,4875,3245,5,1.0,1,1
1116,721,1,4875,11947,5,1.0,1,1
1117,1712,5,4878,11833,3,0.6,1,1
1118,1712,9,4878,8617,3,0.6,1,1
1119,1014,9,4884,2209,4,0.8,1,1
1120,1603,3,4886,2624,2,0.4,1,1
1121,795,10,4889,13990,3,0.6,1,1
1122,795,6,4889,12321,2,0.4,1,1
1123,795,6,4889,14783,3,0.6,1,1
1124,934,7,4900,4472,1,0.2,1,1
1125,1377,5,4905,5285,4,0.8,1,1
1126,1809,1,4912,11975,4,0.8,1,1
1127,1809,10,4912,888,5,1.0,1,1
1128,1796,7,4913,3153,2,0.4,1,1
1129,282,3,4915,8819,1,0.2,1,1
1130,1195,1,4915,2903,4,0.8,1,1
1131,1529,2,4918,15561,2,0.4,1,1
1132,1523,4,4919,10008,5,1.0,1,1
1133,1523,5,4919,3485,2,0.4,1,1
1134,1402,10,4920,5463,3,0.6,1,1
1135,1044,6,4921,14266,4,0.8,1,1
1136,1044,1,4921,10837,2,0.4,1,1
1137,1044,10,4921,9281,3,0.6,1,1
1138,1044,4,4921,13380,5,1.0,1,1
1139,389,1,4935,12573,3,0.6,1,1
1140,1117,1,4940,3616,2,0.4,1,1
1141,1684,3,4946,3265,3,0.6,1,1
1142,1807,4,4946,12225,4,0.8,1,1
1143,1807,7,4946,15536,3,0.6,1,1
1144,1309,8,4948,1586,4,0.8,1,1
1145,1626,10,4951,12156,2,0.4,1,1
1146,1795,8,4953,5767,4,0.8,1,1
1147,539,9,4970,14705,5,1.0,1,1
1148,1798,5,4975,6570,2,0.4,1,1
1149,828,2,4976,10782,5,1.0,1,1
1150,1257,2,4981,12777,1,0.2,1,1
1151,1257,1,4981,15160,5,1.0,1,1
1152,1301,1,4998,11060,1,0.2,1,1
1153,1696,5,5002,4997,1,0.2,1,1
1154,1506,5,5002,4333,4,0.8,1,1
1155,1785,7,5010,6115,5,1.0,1,1
1156,1094,3,5011,7697,1,0.2,1,1
1157,1423,1,5022,15402,3,0.6,1,1
1158,1423,4,5022,10765,2,0.4,1,1
1159,1423,7,5022,9894,3,0.6,1,1
1160,1423,2,5022,14033,3,0.6,1,1
1161,1335,7,5026,7019,1,0.2,1,1
1162,1530,5,5034,6048,1,0.2,1,1
1163,1684,2,5036,5801,3,0.6,1,1
1164,1684,3,5036,13102,3,0.6,1,1
1165,1684,8,5036,1261,2,0.4,1,1
1166,1720,2,5045,12606,1,0.2,1,1
1167,1720,8,5045,954,2,0.4,1,1
1168,1696,1,5047,14420,1,0.2,1,1
1169,1696,2,5047,4977,2,0.4,1,1
1170,1575,8,5062,11865,5,1.0,1,1
1171,930,9,5071,209,3,0.6,1,1
1172,930,5,5071,4816,1,0.2,1,1
1173,1805,10,5080,5656,4,0.8,1,1
1174,1843,2,5099,9065,2,0.4,1,1
1175,1843,4,5099,12413,1,0.2,1,1
1176,1843,7,5099,8475,4,0.8,1,1
1177,1843,1,5099,11938,1,0.2,1,1
1178,1681,8,5106,11778,4,0.8,1,1
1179,1681,8,5106,12593,4,0.8,1,1
1180,1818,3,5109,15781,1,0.2,1,1
1181,848,10,5113,7509,1,0.2,1,1
1182,1649,2,5130,3795,3,0.6,1,1
1183,1120,5,5137,6189,4,0.8,1,1
1184,1120,4,5137,8182,3,0.6,1,1
1185,945,1,5150,2450,3,0.6,1,1
1186,298,4,5153,14861,2,0.4,1,1
1187,298,8,5153,14052,1,0.2,1,1
1188,1288,1,5153,1759,5,1.0,1,1
1189,1445,7,5158,5992,5,1.0,1,1
1190,1768,8,5159,6332,2,0.4,1,1
1191,1768,1,5159,5,3,0.6,1,1
1192,1588,6,5162,7622,1,0.2,1,1
1193,1835,10,5171,1661,3,0.6,1,1
1194,1828,8,5171,3359,4,0.8,1,1
1195,1828,9,5171,3606,2,0.4,1,1
1196,1320,6,5184,10063,3,0.6,1,1
1197,316,9,5191,15211,5,1.0,1,1
1198,1488,3,5191,14755,3,0.6,1,1
1199,1488,6,5191,7955,4,0.8,1,1
1200,1488,3,5191,7046,5,1.0,1,1
1201,859,7,5225,1836,3,0.6,1,1
1202,859,8,5225,13407,3,0.6,1,1
1203,1756,5,5231,3261,2,0.4,1,1
1204,653,8,5236,12759,5,1.0,1,1
1205,200,7,5254,1460,3,0.6,1,1
1206,200,7,5254,12852,1,0.2,1,1
1207,1278,10,5257,8981,3,0.6,1,1
1208,1278,3,5257,3397,3,0.6,1,1
1209,1278,6,5257,3328,4,0.8,1,1
1210,1624,8,5270,10319,5,1.0,1,1
1211,1624,3,5270,8624,1,0.2,1,1
1212,1392,6,5274,1402,5,1.0,1,1
1213,1788,3,5296,13632,5,1.0,1,1
1214,1788,6,5296,8447,5,1.0,1,1
1215,1788,3,5296,6931,5,1.0,1,1
1216,1788,3,5296,9433,2,0.4,1,1
1217,1718,7,5305,3961,1,0.2,1,1
1218,1083,7,5323,11032,1,0.2,1,1
1219,1778,9,5341,15874,5,1.0,1,1
1220,1778,1,5341,11318,5,1.0,1,1
1221,888,2,5345,9092,5,1.0,1,1
1222,888,1,5345,3367,3,0.6,1,1
1223,888,9,5345,11218,2,0.4,1,1
1224,888,4,5345,13647,3,0.6,1,1
1225,1685,8,5355,15628,1,0.2,1,1
1226,1806,6,5366,11608,3,0.6,1,1
1227,1806,9,5366,12700,4,0.8,1,1
1228,1806,9,5366,10402,4,0.8,1,1
1229,1806,4,5366,11964,5,1.0,1,1
1230,1828,6,5366,993,4,0.8,1,1
1231,1752,2,5383,5433,2,0.4,1,1
1232,1448,8,5386,9271,2,0.4,1,1
1233,1448,4,5386,12488,1,0.2,1,1
1234,1778,9,5387,6080,1,0.2,1,1
1235,1783,8,5390,12253,2,0.4,1,1
1236,933,2,5392,7360,3,0.6,1,1
1237,1665,4,5394,6040,4,0.8,1,1
1238,1750,5,5401,15305,2,0.4,1,1
1239,1401,9,5437,5158,1,0.2,1,1
1240,1739,4,5437,11499,1,0.2,1,1
1241,1209,1,5445,9111,1,0.2,1,1
1242,1758,5,5446,754,1,0.2,1,1
1243,333,4,5460,3812,2,0.4,1,1
1244,333,2,5460,14635,1,0.2,1,1
1245,1643,5,5468,11201,4,0.8,1,1
1246,1643,2,5468,5031,4,0.8,1,1
1247,1764,6,5471,9863,4,0.8,1,1
1248,1764,1,5471,4310,5,1.0,1,1
1249,1764,5,5471,13687,3,0.6,1,1
1250,1764,7,5471,7251,3,0.6,1,1
1251,1377,4,5477,185,3,0.6,1,1
1252,607,7,5482,12725,5,1.0,1,1
1253,1500,10,5491,4308,4,0.8,1,1
1254,1826,10,5515,7864,5,1.0,1,1
1255,1214,1,5520,94,4,0.8,1,1
1256,1769,1,5524,6895,4,0.8,1,1
1257,1769,6,5524,428,3,0.6,1,1
1258,1123,1,5530,12847,3,0.6,1,1
1259,1123,8,5530,14945,4,0.8,1,1
1260,1699,9,5536,5098,1,0.2,1,1
1261,1535,7,5539,2481,5,1.0,1,1
1262,1760,10,5568,12317,3,0.6,1,1
1263,1760,8,5568,14617,1,0.2,1,1
1264,1795,7,5574,11940,1,0.2,1,1
1265,1772,8,5574,7068,1,0.2,1,1
1266,1772,8,5574,12367,3,0.6,1,1
1267,876,9,5578,5838,1,0.2,1,1
1268,1657,2,5582,411,2,0.4,1,1
1269,1657,2,5582,2240,4,0.8,1,1
1270,1657,7,5582,6463,3,0.6,1,1
1271,1657,4,5582,77,5,1.0,1,1
1272,1630,8,5582,8294,1,0.2,1,1
1273,1330,6,5589,6543,3,0.6,1,1
1274,1691,9,5590,9627,4,0.8,1,1
1275,1691,4,5590,12907,5,1.0,1,1
1276,1203,7,5590,10835,1,0.2,1,1
1277,1203,1,5590,14270,2,0.4,1,1
1278,1203,10,5590,7045,1,0.2,1,1
1279,1203,9,5590,13303,4,0.8,1,1
1280,1203,2,5592,1700,5,1.0,1,1
1281,1203,3,5592,15873,4,0.8,1,1
1282,1203,5,5592,2809,5,1.0,1,1
1283,1203,7,5592,7470,5,1.0,1,1
1284,1697,1,5601,1628,3,0.6,1,1
1285,1392,10,5604,4934,1,0.2,1,1
1286,1311,9,5604,12446,4,0.8,1,1
1287,1311,3,5604,12341,4,0.8,1,1
1288,1311,5,5604,1588,2,0.4,1,1
1289,1311,1,5604,751,3,0.6,1,1
1290,1242,10,5604,5446,3,0.6,1,1
1291,1242,7,5604,12879,1,0.2,1,1
1292,1242,3,5604,7935,1,0.2,1,1
1293,1242,4,5604,4880,4,0.8,1,1
1294,1842,8,5615,7986,2,0.4,1,1
1295,1842,1,5615,7798,4,0.8,1,1
1296,1319,3,5620,7655,4,0.8,1,1
1297,1331,1,5620,12378,3,0.6,1,1
1298,1394,3,5623,7912,2,0.4,1,1
1299,1364,6,5626,9903,5,1.0,1,1
1300,1666,8,5629,12660,2,0.4,1,1
1301,1666,8,5629,4003,1,0.2,1,1
1302,1424,2,5629,4896,2,0.4,1,1
1303,1475,3,5630,14408,2,0.4,1,1
1304,1475,10,5630,1546,5,1.0,1,1
1305,1475,1,5630,3198,4,0.8,1,1
1306,1475,8,5630,7330,3,0.6,1,1
1307,372,7,5633,9754,1,0.2,1,1
1308,854,9,5634,5698,3,0.6,1,1
1309,854,9,5634,8333,1,0.2,1,1
1310,440,7,5636,2365,4,0.8,1,1
1311,932,1,5638,9357,3,0.6,1,1
1312,932,7,5638,13138,5,1.0,1,1
1313,932,7,5638,1618,1,0.2,1,1
1314,1630,2,5638,12299,1,0.2,1,1
1315,1630,5,5638,8215,3,0.6,1,1
1316,941,8,5648,7589,4,0.8,1,1
1317,794,9,5654,6708,2,0.4,1,1
1318,794,3,5654,10203,1,0.2,1,1
1319,1841,1,5660,3900,2,0.4,1,1
1320,1841,2,5660,7137,5,1.0,1,1
1321,1841,3,5660,2824,2,0.4,1,1
1322,1841,8,5660,7674,5,1.0,1,1
1323,279,6,5661,4544,5,1.0,1,1
1324,1677,5,5669,15746,4,0.8,1,1
1325,934,2,5679,641,2,0.4,1,1
1326,934,10,5679,13615,4,0.8,1,1
1327,1343,2,5680,7911,5,1.0,1,1
1328,1343,1,5680,163,2,0.4,1,1
1329,1362,4,5680,1823,2,0.4,1,1
1330,98,5,5686,14665,2,0.4,1,1
1331,1712,7,5689,2358,1,0.2,1,1
1332,1039,6,5691,154,1,0.2,1,1
1333,1039,9,5691,363,1,0.2,1,1
1334,1039,2,5691,5103,5,1.0,1,1
1335,1039,5,5691,12333,5,1.0,1,1
1336,1543,9,5703,11835,1,0.2,1,1
1337,1543,5,5703,3888,2,0.4,1,1
1338,1543,6,5703,6561,2,0.4,1,1
1339,1543,8,5703,12344,2,0.4,1,1
1340,798,4,5704,6154,4,0.8,1,1
1341,840,8,5704,10529,4,0.8,1,1
1342,467,4,5704,2453,1,0.2,1,1
1343,467,3,5704,7893,4,0.8,1,1
1344,467,9,5704,3284,5,1.0,1,1
1345,467,2,5704,13817,2,0.4,1,1
1346,1704,3,5705,4055,5,1.0,1,1
1347,1492,3,5705,13555,1,0.2,1,1
1348,1812,8,5710,15495,5,1.0,1,1
1349,1281,2,5712,14986,5,1.0,1,1
1350,1281,3,5712,14510,2,0.4,1,1
1351,1460,7,5717,7408,3,0.6,1,1
1352,1460,4,5717,9943,3,0.6,1,1
1353,1793,7,5720,396,1,0.2,1,1
1354,1703,7,5726,3993,1,0.2,1,1
1355,1841,6,5729,10860,4,0.8,1,1
1356,1841,1,5729,2970,2,0.4,1,1
1357,974,6,5731,7534,4,0.8,1,1
1358,1834,8,5735,9910,5,1.0,1,1
1359,1834,4,5735,8270,2,0.4,1,1
1360,1485,8,5742,1296,5,1.0,1,1
1361,1778,9,5742,10862,4,0.8,1,1
1362,1796,3,5748,1684,2,0.4,1,1
1363,1651,10,5767,3365,5,1.0,1,1
1364,1674,5,5770,1156,4,0.8,1,1
1365,1045,2,5770,15600,4,0.8,1,1
1366,1045,10,5770,5044,1,0.2,1,1
1367,1537,7,5776,2885,1,0.2,1,1
1368,1796,9,5776,2146,1,0.2,1,1
1369,1200,3,5779,10169,1,0.2,1,1
1370,1601,6,5781,8344,3,0.6,1,1
1371,1733,7,5792,2878,3,0.6,1,1
1372,1567,8,5814,7927,3,0.6,1,1
1373,1596,5,5847,11814,5,1.0,1,1
1374,1596,10,5847,6705,3,0.6,1,1
1375,1828,5,5854,13121,4,0.8,1,1
1376,1794,9,5854,6525,4,0.8,1,1
1377,1823,7,5864,13699,5,1.0,1,1
1378,1836,9,5871,12386,5,1.0,1,1
1379,1441,10,5874,11213,5,1.0,1,1
1380,1441,3,5874,8525,4,0.8,1,1
1381,1319,6,5879,2437,1,0.2,1,1
1382,1822,8,5880,14595,3,0.6,1,1
1383,1822,9,5880,13345,5,1.0,1,1
1384,208,10,5897,10117,1,0.2,1,1
1385,208,5,5897,10953,3,0.6,1,1
1386,208,5,5897,3667,3,0.6,1,1
1387,208,10,5897,14272,5,1.0,1,1
1388,1577,4,5903,678,3,0.6,1,1
1389,1710,6,5909,5466,2,0.4,1,1
1390,1710,10,5909,2529,2,0.4,1,1
1391,1794,6,5932,359,3,0.6,1,1
1392,862,4,5937,15901,3,0.6,1,1
1393,862,9,5937,5441,4,0.8,1,1
1394,1518,5,5939,9524,3,0.6,1,1
1395,1539,10,5944,9205,4,0.8,1,1
1396,1539,4,5944,5808,5,1.0,1,1
1397,1539,3,5944,10261,3,0.6,1,1
1398,805,4,5945,7021,3,0.6,1,1
1399,1781,9,5945,536,5,1.0,1,1
1400,1040,6,5945,15880,2,0.4,1,1
1401,1040,8,5945,7302,5,1.0,1,1
1402,712,9,5957,1435,2,0.4,1,1
1403,1780,2,5968,6154,3,0.6,1,1
1404,1204,4,5969,7951,2,0.4,1,1
1405,1307,10,5970,7947,3,0.6,1,1
1406,694,3,5972,9176,4,0.8,1,1
1407,694,6,5972,13395,2,0.4,1,1
1408,694,7,5972,12040,4,0.8,1,1
1409,694,5,5972,2911,5,1.0,1,1
1410,1755,8,5976,15754,5,1.0,1,1
1411,1461,6,5981,15093,2,0.4,1,1
1412,1020,5,5999,7396,5,1.0,1,1
1413,864,2,6012,12378,3,0.6,1,1
1414,1775,2,6021,9113,4,0.8,1,1
1415,543,9,6024,4609,4,0.8,1,1
1416,1824,1,6026,12347,1,0.2,1,1
1417,1824,4,6026,4041,3,0.6,1,1
1418,760,8,6059,12593,4,0.8,1,1
1419,760,9,6059,11238,5,1.0,1,1
1420,760,5,6059,13298,5,1.0,1,1
1421,760,10,6059,3794,4,0.8,1,1
1422,1633,4,6062,10422,3,0.6,1,1
1423,1805,1,6064,2496,4,0.8,1,1
1424,1255,8,6076,9125,5,1.0,1,1
1425,1684,2,6080,9931,4,0.8,1,1
1426,1384,7,6098,14183,4,0.8,1,1
1427,1384,6,6098,3023,1,0.2,1,1
1428,1632,3,6100,9475,2,0.4,1,1
1429,1632,2,6100,641,3,0.6,1,1
1430,1132,1,6102,3954,1,0.2,1,1
1431,1642,2,6107,15450,3,0.6,1,1
1432,1549,2,6109,10906,5,1.0,1,1
1433,1549,9,6109,8032,3,0.6,1,1
1434,1302,3,6109,8172,1,0.2,1,1
1435,1166,7,6114,1978,2,0.4,1,1
1436,825,1,6115,7962,5,1.0,1,1
1437,1496,1,6123,589,1,0.2,1,1
1438,1737,2,6140,12898,3,0.6,1,1
1439,1711,10,6140,15774,3,0.6,1,1
1440,1711,5,6140,1057,4,0.8,1,1
1441,1179,4,6141,5302,2,0.4,1,1
1442,1582,4,6142,1713,5,1.0,1,1
1443,1582,10,6142,3829,5,1.0,1,1
1444,1786,5,6142,8706,5,1.0,1,1
1445,1296,6,6144,524,2,0.4,1,1
1446,1296,3,6144,13584,1,0.2,1,1
1447,950,9,6149,6103,5,1.0,1,1
1448,1198,6,6157,12381,2,0.4,1,1
1449,898,3,6168,14292,4,0.8,1,1
1450,898,4,6168,11805,5,1.0,1,1
1451,898,10,6168,15268,1,0.2,1,1
1452,898,3,6168,5718,1,0.2,1,1
1453,1668,10,6190,200,5,1.0,1,1
1454,1843,5,6206,4083,4,0.8,1,1
1455,1843,2,6206,10859,1,0.2,1,1
1456,258,4,6210,7774,4,0.8,1,1
1457,1718,4,6228,1850,2,0.4,1,1
1458,1718,8,6228,13005,5,1.0,1,1
1459,1127,3,6232,831,2,0.4,1,1
1460,1211,4,6235,3511,3,0.6,1,1
1461,1656,2,6247,1023,1,0.2,1,1
1462,1067,4,6252,7768,3,0.6,1,1
1463,1067,7,6252,11154,5,1.0,1,1
1464,687,10,6255,6344,4,0.8,1,1
1465,687,8,6255,9692,2,0.4,1,1
1466,1710,4,6258,1870,1,0.2,1,1
1467,1742,2,6267,5057,4,0.8,1,1
1468,1723,8,6267,11752,4,0.8,1,1
1469,1518,3,6294,14013,4,0.8,1,1
1470,1214,10,6304,10417,4,0.8,1,1
1471,1117,1,6312,13538,5,1.0,1,1
1472,1117,5,6312,2762,2,0.4,1,1
1473,1655,8,6314,10850,4,0.8,1,1
1474,1655,9,6314,15686,3,0.6,1,1
1475,1690,6,6314,215,1,0.2,1,1
1476,1690,8,6314,7168,5,1.0,1,1
1477,1661,10,6314,12667,4,0.8,1,1
1478,1805,8,6315,13414,5,1.0,1,1
1479,1805,4,6315,3342,3,0.6,1,1
1480,246,3,6331,724,1,0.2,1,1
1481,1841,10,6334,11074,4,0.8,1,1
1482,1841,3,6334,11388,4,0.8,1,1
1483,1841,4,6334,1340,2,0.4,1,1
1484,827,6,6343,14015,3,0.6,1,1
1485,827,7,6343,3167,3,0.6,1,1
1486,1691,4,6345,14377,3,0.6,1,1
1487,1745,4,6347,15245,4,0.8,1,1
1488,1510,10,6350,7895,4,0.8,1,1
1489,1598,1,6351,11846,5,1.0,1,1
1490,1842,4,6354,11736,1,0.2,1,1
1491,1714,8,6355,13176,1,0.2,1,1
1492,1840,7,6371,12637,5,1.0,1,1
1493,569,6,6385,15068,3,0.6,1,1
1494,1570,7,6397,5260,1,0.2,1,1
1495,1074,8,6397,438,4,0.8,1,1
1496,1074,8,6397,8529,4,0.8,1,1
1497,1639,2,6402,1398,4,0.8,1,1
1498,1638,5,6409,6856,3,0.6,1,1
1499,1612,4,6413,2783,3,0.6,1,1
1500,1612,6,6413,7535,3,0.6,1,1
1501,1045,8,6418,10986,2,0.4,1,1
1502,809,3,6418,11318,2,0.4,1,1
1503,809,10,6418,6282,5,1.0,1,1
1504,809,10,6418,1181,5,1.0,1,1
1505,809,4,6418,12328,1,0.2,1,1
1506,1297,7,6419,8400,3,0.6,1,1
1507,565,1,6426,5196,2,0.4,1,1
1508,565,2,6426,4980,2,0.4,1,1
1509,1618,2,6439,9189,5,1.0,1,1
1510,1618,9,6439,3647,1,0.2,1,1
1511,1618,5,6439,2874,1,0.2,1,1
1512,1618,9,6439,8512,3,0.6,1,1
1513,1801,8,6453,4953,2,0.4,1,1
1514,1483,5,6464,13913,2,0.4,1,1
1515,1483,7,6464,13991,3,0.6,1,1
1516,1483,3,6464,9114,2,0.4,1,1
1517,1483,7,6464,15070,3,0.6,1,1
1518,1636,3,6467,11311,5,1.0,1,1
1519,1806,2,6474,6801,2,0.4,1,1
1520,1643,2,6474,855,5,1.0,1,1
1521,1840,1,6483,12656,5,1.0,1,1
1522,779,3,6488,8207,3,0.6,1,1
1523,311,9,6490,6239,4,0.8,1,1
1524,1790,7,6490,10733,2,0.4,1,1
1525,1790,4,6490,8328,1,0.2,1,1
1526,1087,4,6501,6816,5,1.0,1,1
1527,1087,2,6501,886,1,0.2,1,1
1528,1698,2,6504,13118,3,0.6,1,1
1529,1698,3,6504,10484,5,1.0,1,1
1530,1658,2,6505,11978,4,0.8,1,1
1531,1421,9,6506,1457,3,0.6,1,1
1532,350,3,6508,384,2,0.4,1,1
1533,350,9,6508,2750,2,0.4,1,1
1534,350,4,6508,14249,1,0.2,1,1
1535,350,6,6508,9764,2,0.4,1,1
1536,1767,5,6520,7007,5,1.0,1,1
1537,1660,1,6525,3126,5,1.0,1,1
1538,721,9,6532,3612,1,0.2,1,1
1539,1842,7,6534,11415,2,0.4,1,1
1540,1842,3,6534,9113,1,0.2,1,1
1541,1759,8,6535,12929,2,0.4,1,1
1542,924,3,6548,11141,2,0.4,1,1
1543,1650,10,6552,11010,3,0.6,1,1
1544,1811,10,6558,12346,3,0.6,1,1
1545,54,8,6559,14513,2,0.4,1,1
1546,54,8,6559,3895,2,0.4,1,1
1547,1725,2,6560,6904,2,0.4,1,1
1548,1344,3,6566,1566,5,1.0,1,1
1549,532,1,6579,490,1,0.2,1,1
1550,532,7,6579,2489,2,0.4,1,1
1551,1841,1,6584,1003,3,0.6,1,1
1552,1511,8,6598,5038,5,1.0,1,1
1553,1539,8,6601,3422,4,0.8,1,1
1554,1719,9,6601,6809,5,1.0,1,1
1555,1466,7,6604,13320,5,1.0,1,1
1556,401,8,6615,4661,5,1.0,1,1
1557,1472,6,6636,14723,5,1.0,1,1
1558,1250,10,6640,5577,4,0.8,1,1
1559,1250,5,6640,10852,5,1.0,1,1
1560,1538,7,6646,7081,2,0.4,1,1
1561,1402,9,6646,13563,4,0.8,1,1
1562,461,3,6649,11834,1,0.2,1,1
1563,461,4,6649,367,1,0.2,1,1
1564,461,10,6649,1764,3,0.6,1,1
1565,714,5,6649,15940,1,0.2,1,1
1566,714,10,6649,8789,4,0.8,1,1
1567,714,7,6649,5891,4,0.8,1,1
1568,1809,5,6656,9268,3,0.6,1,1
1569,1755,1,6658,3646,3,0.6,1,1
1570,1755,8,6658,7111,2,0.4,1,1
1571,1755,1,6658,7161,2,0.4,1,1
1572,984,7,6682,7709,2,0.4,1,1
1573,1765,8,6685,8788,5,1.0,1,1
1574,1773,3,6690,593,3,0.6,1,1
1575,658,7,6704,6542,2,0.4,1,1
1576,640,3,6704,14394,1,0.2,1,1
1577,1428,4,6706,11959,4,0.8,1,1
1578,1615,5,6713,7362,4,0.8,1,1
1579,1495,7,6714,9112,4,0.8,1,1
1580,1780,8,6716,2288,3,0.6,1,1
1581,1328,4,6724,3410,4,0.8,1,1
1582,1660,3,6725,15695,4,0.8,1,1
1583,1660,1,6725,13512,2,0.4,1,1
1584,1660,3,6725,5151,1,0.2,1,1
1585,1466,5,6734,9381,3,0.6,1,1
1586,1466,1,6734,14332,3,0.6,1,1
1587,1034,8,6734,9863,4,0.8,1,1
1588,1034,7,6734,11999,1,0.2,1,1
1589,1395,10,6747,11008,3,0.6,1,1
1590,1395,6,6747,15159,5,1.0,1,1
1591,1191,9,6753,12296,4,0.8,1,1
1592,992,1,6754,465,4,0.8,1,1
1593,1819,2,6759,3848,3,0.6,1,1
1594,1644,6,6775,9063,2,0.4,1,1
1595,1644,5,6775,9607,5,1.0,1,1
1596,1331,3,6776,4921,1,0.2,1,1
1597,1657,2,6779,8587,2,0.4,1,1
1598,1680,9,6781,2485,3,0.6,1,1
1599,1450,1,6783,10988,1,0.2,1,1
1600,1669,9,6788,9378,2,0.4,1,1
1601,1669,9,6788,11020,3,0.6,1,1
1602,1728,1,6795,9118,4,0.8,1,1
1603,1842,7,6809,5482,3,0.6,1,1
1604,1842,10,6809,8673,4,0.8,1,1
1605,1786,6,6834,3322,5,1.0,1,1
1606,1721,6,6838,7117,3,0.6,1,1
1607,1721,6,6838,11760,1,0.2,1,1
1608,1625,9,6846,1658,5,1.0,1,1
1609,1814,2,6858,6353,4,0.8,1,1
1610,1814,8,6858,215,4,0.8,1,1
1611,862,9,6859,374,1,0.2,1,1
1612,1211,9,6876,4455,5,1.0,1,1
1613,398,9,6883,2825,1,0.2,1,1
1614,398,3,6883,7737,4,0.8,1,1
1615,1695,6,6894,7121,4,0.8,1,1
1616,1219,5,6913,12133,2,0.4,1,1
1617,1386,3,6920,14061,2,0.4,1,1
1618,1386,2,6920,15905,5,1.0,1,1
1619,1757,7,6920,11412,3,0.6,1,1
1620,1733,7,6920,4586,2,0.4,1,1
1621,825,1,6927,1401,1,0.2,1,1
1622,1631,5,6934,1121,1,0.2,1,1
1623,555,3,6964,6172,2,0.4,1,1
1624,555,7,6964,15275,5,1.0,1,1
1625,555,4,6964,6894,4,0.8,1,1
1626,1769,3,6968,13242,4,0.8,1,1
1627,1731,9,6974,1686,5,1.0,1,1
1628,1011,5,6986,8572,2,0.4,1,1
1629,810,1,6988,10778,1,0.2,1,1
1630,1528,3,7024,13959,1,0.2,1,1
1631,1777,5,7057,969,4,0.8,1,1
1632,1417,2,7066,14696,2,0.4,1,1
1633,1673,8,7073,3187,2,0.4,1,1
1634,1840,8,7074,12626,1,0.2,1,1
1635,1840,2,7074,4596,4,0.8,1,1
1636,1840,6,7074,13781,5,1.0,1,1
1637,1373,6,7088,10921,4,0.8,1,1
1638,1314,5,7097,10349,5,1.0,1,1
1639,1742,9,7110,729,5,1.0,1,1
1640,1798,6,7117,1236,3,0.6,1,1
1641,1437,9,7118,11233,2,0.4,1,1
1642,1268,10,7125,15845,5,1.0,1,1
1643,1265,5,7129,11006,5,1.0,1,1
1644,1615,4,7148,12277,2,0.4,1,1
1645,853,1,7169,1191,4,0.8,1,1
1646,1274,8,7177,2994,3,0.6,1,1
1647,1113,6,7177,7976,5,1.0,1,1
1648,1773,5,7178,15722,4,0.8,1,1
1649,1749,7,7178,6702,1,0.2,1,1
1650,1739,10,7194,11012,3,0.6,1,1
1651,1664,5,7205,2168,1,0.2,1,1
1652,1664,3,7205,13412,5,1.0,1,1
1653,1296,4,7209,1601,2,0.4,1,1
1654,1708,4,7210,14794,4,0.8,1,1
1655,1722,3,7215,12802,1,0.2,1,1
1656,1215,9,7220,5238,5,1.0,1,1
1657,1557,6,7227,12590,4,0.8,1,1
1658,1693,7,7233,4210,4,0.8,1,1
1659,1360,10,7243,15631,3,0.6,1,1
1660,1689,5,7245,13234,1,0.2,1,1
1661,771,4,7251,9944,2,0.4,1,1
1662,1340,10,7251,12906,4,0.8,1,1
1663,437,2,7251,8289,3,0.6,1,1
1664,1529,1,7255,8151,4,0.8,1,1
1665,1192,7,7266,8803,4,0.8,1,1
1666,419,3,7277,2091,4,0.8,1,1
1667,419,8,7277,9716,1,0.2,1,1
1668,925,6,7281,12688,3,0.6,1,1
1669,797,2,7281,8315,3,0.6,1,1
1670,797,4,7281,8118,4,0.8,1,1
1671,797,8,7281,14780,4,0.8,1,1
1672,1444,10,7284,7319,2,0.4,1,1
1673,1835,7,7285,10974,4,0.8,1,1
1674,1837,4,7298,13608,3,0.6,1,1
1675,1465,4,7311,12661,5,1.0,1,1
1676,1465,3,7311,7613,3,0.6,1,1
1677,1465,3,7311,11841,5,1.0,1,1
1678,1465,6,7311,7505,5,1.0,1,1
1679,1433,7,7332,5844,1,0.2,1,1
1680,1433,2,7332,12402,1,0.2,1,1
1681,1433,2,7332,6807,1,0.2,1,1
1682,1710,3,7342,10992,5,1.0,1,1
1683,1710,7,7342,14020,4,0.8,1,1
1684,1710,2,7342,3208,2,0.4,1,1
1685,1710,1,7342,1913,1,0.2,1,1
1686,1842,8,7355,2946,2,0.4,1,1
1687,1842,1,7355,4000,2,0.4,1,1
1688,1322,5,7362,15613,3,0.6,1,1
1689,1529,6,7368,9903,5,1.0,1,1
1690,1720,2,7395,11841,1,0.2,1,1
1691,1577,3,7395,6585,3,0.6,1,1
1692,1577,6,7395,3753,1,0.2,1,1
1693,1577,1,7395,897,5,1.0,1,1
1694,1554,2,7418,8114,1,0.2,1,1
1695,1379,10,7421,3302,1,0.2,1,1
1696,1379,4,7421,9979,2,0.4,1,1
1697,1826,7,7427,6946,4,0.8,1,1
1698,1575,2,7430,15967,3,0.6,1,1
1699,873,10,7434,13135,3,0.6,1,1
1700,873,10,7434,11958,5,1.0,1,1
1701,1512,2,7446,13934,5,1.0,1,1
1702,832,5,7450,13441,2,0.4,1,1
1703,1527,2,7462,7642,4,0.8,1,1
1704,1411,10,7481,1284,3,0.6,1,1
1705,1561,3,7492,3416,5,1.0,1,1
1706,734,2,7495,6194,4,0.8,1,1
1707,734,10,7495,6405,2,0.4,1,1
1708,1266,5,7521,9635,1,0.2,1,1
1709,1266,7,7521,8547,3,0.6,1,1
1710,1624,3,7521,2050,4,0.8,1,1
1711,870,8,7526,11585,3,0.6,1,1
1712,1137,9,7531,10021,3,0.6,1,1
1713,1137,5,7531,14048,4,0.8,1,1
1714,1137,7,7531,10310,2,0.4,1,1
1715,1840,5,7532,15707,3,0.6,1,1
1716,1840,4,7532,8318,2,0.4,1,1
1717,71,8,7540,6571,2,0.4,1,1
1718,1098,3,7549,6656,1,0.2,1,1
1719,1098,2,7549,170,1,0.2,1,1
1720,1070,10,7550,1632,1,0.2,1,1
1721,776,3,7552,10813,1,0.2,1,1
1722,776,8,7552,10291,2,0.4,1,1
1723,776,3,7552,3710,1,0.2,1,1
1724,1479,5,7552,5152,3,0.6,1,1
1725,1644,6,7557,8896,5,1.0,1,1
1726,1607,4,7561,3206,4,0.8,1,1
1727,1509,7,7561,9107,4,0.8,1,1
1728,1509,2,7561,374,5,1.0,1,1
1729,1509,10,7561,5023,3,0.6,1,1
1730,1586,4,7569,796,4,0.8,1,1
1731,1586,1,7569,3435,3,0.6,1,1
1732,847,3,7574,13694,4,0.8,1,1
1733,847,4,7574,2862,3,0.6,1,1
1734,847,2,7574,10365,1,0.2,1,1
1735,847,1,7574,27,3,0.6,1,1
1736,1657,7,7575,3663,2,0.4,1,1
1737,1473,8,7581,3833,4,0.8,1,1
1738,1164,7,7589,5418,3,0.6,1,1
1739,663,8,7597,15648,2,0.4,1,1
1740,1659,6,7603,1360,4,0.8,1,1
1741,1732,6,7612,2422,5,1.0,1,1
1742,1732,3,7612,11901,1,0.2,1,1
1743,630,3,7613,2317,3,0.6,1,1
1744,407,7,7622,12371,1,0.2,1,1
1745,1770,8,7636,2436,3,0.6,1,1
1746,1795,3,7640,8867,1,0.2,1,1
1747,526,3,7641,7308,2,0.4,1,1
1748,1837,9,7645,12168,5,1.0,1,1
1749,880,8,7655,8637,3,0.6,1,1
1750,1438,4,7656,4783,2,0.4,1,1
1751,1438,7,7656,11099,1,0.2,1,1
1752,1156,1,7656,7829,3,0.6,1,1
1753,1743,6,7668,3745,5,1.0,1,1
1754,1707,6,7670,15455,3,0.6,1,1
1755,1707,1,7670,187,1,0.2,1,1
1756,1707,8,7670,3964,5,1.0,1,1
1757,1707,4,7670,14730,2,0.4,1,1
1758,1337,3,7671,4539,3,0.6,1,1
1759,883,9,7671,8480,3,0.6,1,1
1760,616,9,7671,7325,4,0.8,1,1
1761,1800,9,7676,12628,5,1.0,1,1
1762,1800,10,7676,11961,5,1.0,1,1
1763,495,4,7684,3696,4,0.8,1,1
1764,1590,1,7693,12600,4,0.8,1,1
1765,889,10,7705,7062,5,1.0,1,1
1766,1235,5,7706,12309,5,1.0,1,1
1767,1235,8,7706,8137,1,0.2,1,1
1768,1235,5,7706,14272,3,0.6,1,1
1769,1635,1,7707,10877,4,0.8,1,1
1770,1635,10,7707,7931,1,0.2,1,1
1771,1148,8,7708,6330,4,0.8,1,1
1772,1065,8,7714,687,5,1.0,1,1
1773,1305,10,7716,6199,2,0.4,1,1
1774,845,6,7717,1594,5,1.0,1,1
1775,858,4,7721,6534,4,0.8,1,1
1776,1299,5,7726,2889,3,0.6,1,1
1777,1788,1,7727,12999,2,0.4,1,1
1778,212,10,7735,15360,3,0.6,1,1
1779,1810,7,7752,11339,3,0.6,1,1
1780,1322,1,7761,14568,5,1.0,1,1
1781,1629,4,7762,7486,1,0.2,1,1
1782,1008,4,7767,15808,4,0.8,1,1
1783,1008,4,7767,10292,4,0.8,1,1
1784,1143,1,7774,8512,4,0.8,1,1
1785,1751,1,7780,6041,1,0.2,1,1
1786,1803,5,7781,3663,5,1.0,1,1
1787,1365,9,7789,3493,4,0.8,1,1
1788,1582,1,7792,4387,5,1.0,1,1
1789,1582,5,7792,12880,5,1.0,1,1
1790,973,1,7797,9534,4,0.8,1,1
1791,1774,10,7797,4209,2,0.4,1,1
1792,1426,9,7803,6035,5,1.0,1,1
1793,1426,5,7803,8901,1,0.2,1,1
1794,1778,4,7806,10487,4,0.8,1,1
1795,1791,9,7806,7486,3,0.6,1,1
1796,1237,3,7813,5774,5,1.0,1,1
1797,1747,4,7824,5670,1,0.2,1,1
1798,1747,7,7824,8770,1,0.2,1,1
1799,1567,6,7831,15727,2,0.4,1,1
1800,1567,8,7831,6907,1,0.2,1,1
1801,1567,2,7831,5161,2,0.4,1,1
1802,1567,5,7831,7602,2,0.4,1,1
1803,484,5,7835,10873,3,0.6,1,1
1804,1176,7,7844,13917,2,0.4,1,1
1805,1008,7,7849,11850,2,0.4,1,1
1806,1008,3,7849,4580,3,0.6,1,1
1807,1328,2,7854,4997,3,0.6,1,1
1808,892,5,7855,2074,5,1.0,1,1
1809,1438,9,7860,4112,1,0.2,1,1
1810,1438,2,7860,14521,2,0.4,1,1
1811,1438,2,7860,15616,1,0.2,1,1
1812,1438,4,7860,12769,1,0.2,1,1
1813,782,5,7883,1852,2,0.4,1,1
1814,460,2,7885,472,4,0.8,1,1
1815,1719,6,7892,7725,1,0.2,1,1
1816,1719,9,7892,7173,5,1.0,1,1
1817,1645,8,7895,12427,5,1.0,1,1
1818,1645,2,7895,5598,4,0.8,1,1
1819,1140,10,7898,8964,3,0.6,1,1
1820,1140,2,7898,7,3,0.6,1,1
1821,1140,2,7898,4701,3,0.6,1,1
1822,1306,3,7898,7999,4,0.8,1,1
1823,1364,4,7898,10217,5,1.0,1,1
1824,1842,5,7900,15084,1,0.2,1,1
1825,1842,10,7900,14,1,0.2,1,1
1826,1842,2,7900,7454,2,0.4,1,1
1827,1563,3,7904,11716,3,0.6,1,1
1828,1328,3,7905,3656,5,1.0,1,1
1829,1750,9,7917,9873,2,0.4,1,1
1830,1069,8,7919,13167,3,0.6,1,1
1831,1758,1,7930,3100,3,0.6,1,1
1832,1684,7,7930,10163,4,0.8,1,1
1833,1805,2,7931,816,5,1.0,1,1
1834,1550,7,7939,7194,2,0.4,1,1
1835,1550,3,7939,857,2,0.4,1,1
1836,1648,10,7952,398,4,0.8,1,1
1837,1758,10,7952,5921,1,0.2,1,1
1838,1215,4,7960,3639,4,0.8,1,1
1839,1680,9,7962,6029,4,0.8,1,1
1840,1841,7,7968,5719,3,0.6,1,1
1841,1034,6,7972,7846,2,0.4,1,1
1842,1034,1,7972,11385,1,0.2,1,1
1843,1034,8,7972,13388,2,0.4,1,1
1844,1637,1,7976,4217,5,1.0,1,1
1845,1441,6,7977,1298,1,0.2,1,1
1846,665,6,7978,3447,3,0.6,1,1
1847,1782,7,7985,9396,1,0.2,1,1
1848,1782,6,7985,15275,4,0.8,1,1
1849,1782,2,7985,652,2,0.4,1,1
1850,1782,2,7985,8078,5,1.0,1,1
1851,1423,9,7993,13158,5,1.0,1,1
1852,1825,2,8002,6375,5,1.0,1,1
1853,1735,3,8008,4408,4,0.8,1,1
1854,1719,8,8014,9867,5,1.0,1,1
1855,1809,9,8014,389,3,0.6,1,1
1856,1770,2,8036,12489,5,1.0,1,1
1857,1454,1,8037,8719,3,0.6,1,1
1858,887,4,8037,9561,3,0.6,1,1
1859,887,9,8037,1625,4,0.8,1,1
1860,1764,5,8044,15467,1,0.2,1,1
1861,1790,2,8044,15735,1,0.2,1,1
1862,1366,5,8062,9624,2,0.4,1,1
1863,1800,5,8062,6345,4,0.8,1,1
1864,1337,3,8073,4143,3,0.6,1,1
1865,1299,6,8073,6562,4,0.8,1,1
1866,1299,2,8073,12703,5,1.0,1,1
1867,930,6,8075,129,1,0.2,1,1
1868,930,8,8075,15475,3,0.6,1,1
1869,1074,5,8087,10773,4,0.8,1,1
1870,1598,1,8089,11461,1,0.2,1,1
1871,644,5,8093,2981,3,0.6,1,1
1872,1514,3,8096,10380,1,0.2,1,1
1873,1413,3,8097,12239,5,1.0,1,1
1874,1413,10,8097,6530,5,1.0,1,1
1875,1413,2,8097,9585,3,0.6,1,1
1876,1413,2,8097,9825,1,0.2,1,1
1877,1592,5,8100,183,3,0.6,1,1
1878,1123,6,8102,8742,1,0.2,1,1
1879,1499,3,8108,15468,5,1.0,1,1
1880,1463,4,8121,6390,5,1.0,1,1
1881,1670,2,8135,14570,2,0.4,1,1
1882,1249,1,8147,10565,3,0.6,1,1
1883,1140,5,8147,13991,5,1.0,1,1
1884,1140,9,8147,14731,1,0.2,1,1
1885,1140,9,8147,15151,5,1.0,1,1
1886,1487,9,8149,11549,3,0.6,1,1
1887,1487,9,8149,8224,3,0.6,1,1
1888,1654,2,8158,1201,4,0.8,1,1
1889,1654,1,8158,11150,3,0.6,1,1
1890,1584,7,8162,12176,1,0.2,1,1
1891,1584,6,8162,15207,3,0.6,1,1
1892,1584,1,8162,15921,2,0.4,1,1
1893,1584,2,8162,8500,1,0.2,1,1
1894,1378,10,8163,10938,1,0.2,1,1
1895,1818,2,8187,5410,4,0.8,1,1
1896,1292,1,8188,1100,4,0.8,1,1
1897,1207,6,8200,10359,4,0.8,1,1
1898,1602,9,8221,13381,1,0.2,1,1
1899,1826,5,8229,3871,2,0.4,1,1
1900,1797,10,8230,5444,5,1.0,1,1
1901,1005,4,8236,10798,1,0.2,1,1
1902,1787,6,8239,14872,2,0.4,1,1
1903,473,3,8242,10513,5,1.0,1,1
1904,1476,2,8249,10175,1,0.2,1,1
1905,1476,8,8249,9879,2,0.4,1,1
1906,1516,3,8265,13695,2,0.4,1,1
1907,232,9,8268,8732,2,0.4,1,1
1908,963,7,8269,15570,1,0.2,1,1
1909,964,9,8276,11306,3,0.6,1,1
1910,1611,10,8279,15870,2,0.4,1,1
1911,1611,8,8279,11567,5,1.0,1,1
1912,1611,4,8279,12126,1,0.2,1,1
1913,1611,7,8279,2573,2,0.4,1,1
1914,1125,10,8286,15472,4,0.8,1,1
1915,1125,4,8286,2914,5,1.0,1,1
1916,1125,5,8286,450,3,0.6,1,1
1917,1125,3,8286,2795,4,0.8,1,1
1918,1700,10,8287,7791,4,0.8,1,1
1919,1255,10,8288,9116,3,0.6,1,1
1920,1255,5,8288,14950,2,0.4,1,1
1921,1255,10,8288,13709,1,0.2,1,1
1922,1567,7,8294,14103,3,0.6,1,1
1923,1740,10,8303,10824,4,0.8,1,1
1924,1740,1,8303,11169,1,0.2,1,1
1925,1740,7,8303,12055,5,1.0,1,1
1926,1740,4,8303,813,3,0.6,1,1
1927,1496,3,8317,4686,5,1.0,1,1
1928,1799,3,8320,5553,5,1.0,1,1
1929,1073,2,8332,11279,2,0.4,1,1
1930,650,3,8337,7596,1,0.2,1,1
1931,1138,4,8337,6890,2,0.4,1,1
1932,1083,1,8339,11970,1,0.2,1,1
1933,1442,7,8377,7922,2,0.4,1,1
1934,1752,4,8380,10253,3,0.6,1,1
1935,1630,2,8384,11963,5,1.0,1,1
1936,1630,1,8384,3136,2,0.4,1,1
1937,870,2,8386,5259,1,0.2,1,1
1938,870,7,8386,8088,1,0.2,1,1
1939,647,6,8386,13714,2,0.4,1,1
1940,1594,8,8391,14553,2,0.4,1,1
1941,581,3,8391,15422,1,0.2,1,1
1942,581,6,8391,868,3,0.6,1,1
1943,581,7,8391,6993,4,0.8,1,1
1944,581,9,8391,4975,3,0.6,1,1
1945,1577,8,8398,5284,2,0.4,1,1
1946,1792,3,8414,14933,2,0.4,1,1
1947,1810,7,8415,11167,3,0.6,1,1
1948,1312,4,8428,11745,2,0.4,1,1
1949,1312,8,8428,1975,4,0.8,1,1
1950,1312,5,8428,15932,4,0.8,1,1
1951,1312,1,8428,2123,3,0.6,1,1
1952,1538,1,8428,12959,4,0.8,1,1
1953,1330,8,8429,2779,2,0.4,1,1
1954,1330,1,8429,2989,1,0.2,1,1
1955,1842,8,8437,6731,5,1.0,1,1
1956,1796,5,8452,12563,2,0.4,1,1
1957,1796,7,8452,12842,1,0.2,1,1
1958,1466,5,8466,5829,2,0.4,1,1
1959,1281,5,8470,14499,3,0.6,1,1
1960,1328,3,8470,6463,4,0.8,1,1
1961,1602,1,8474,1539,4,0.8,1,1
1962,1602,9,8474,2102,1,0.2,1,1
1963,1243,10,8490,13063,4,0.8,1,1
1964,1243,6,8490,12008,3,0.6,1,1
1965,1798,4,8498,14277,4,0.8,1,1
1966,781,4,8499,6732,3,0.6,1,1
1967,781,8,8499,2742,4,0.8,1,1
1968,541,5,8508,10302,2,0.4,1,1
1969,1602,8,8510,6359,2,0.4,1,1
1970,1788,8,8528,15484,2,0.4,1,1
1971,683,1,8529,14550,2,0.4,1,1
1972,1837,8,8544,2169,4,0.8,1,1
1973,1778,4,8559,13504,5,1.0,1,1
1974,1778,9,8559,4012,2,0.4,1,1
1975,1778,2,8559,3994,3,0.6,1,1
1976,1778,6,8559,2557,5,1.0,1,1
1977,1411,5,8559,1819,1,0.2,1,1
1978,1841,5,8563,14134,5,1.0,1,1
1979,1789,5,8569,6142,4,0.8,1,1
1980,477,1,8571,1674,1,0.2,1,1
1981,969,10,8572,10449,1,0.2,1,1
1982,1048,4,8593,1824,3,0.6,1,1
1983,1048,5,8593,10932,2,0.4,1,1
1984,1048,9,8593,8768,5,1.0,1,1
1985,1048,10,8593,7517,5,1.0,1,1
1986,767,3,8609,9528,4,0.8,1,1
1987,767,9,8609,438,1,0.2,1,1
1988,767,3,8609,2697,1,0.2,1,1
1989,853,6,8634,14743,5,1.0,1,1
1990,571,7,8650,11663,5,1.0,1,1
1991,571,6,8650,14161,1,0.2,1,1
1992,1418,8,8651,2176,2,0.4,1,1
1993,1338,3,8669,8346,1,0.2,1,1
1994,1658,5,8694,7492,4,0.8,1,1
1995,1773,5,8700,413,3,0.6,1,1
1996,1773,10,8700,11376,2,0.4,1,1
1997,1596,7,8706,12201,5,1.0,1,1
1998,1587,10,8706,7961,5,1.0,1,1
1999,1587,6,8706,13211,1,0.2,1,1
2000,1716,7,8710,7003,4,0.8,1,1
2001,954,10,8723,6065,2,0.4,1,1
2002,1822,4,8724,13604,3,0.6,1,1
2003,1822,1,8724,12186,3,0.6,1,1
2004,1253,6,8726,6211,4,0.8,1,1
2005,1253,4,8726,8649,5,1.0,1,1
2006,1253,6,8726,7798,4,0.8,1,1
2007,1069,4,8735,11407,4,0.8,1,1
2008,1069,9,8735,435,1,0.2,1,1
2009,1069,2,8735,4946,1,0.2,1,1
2010,1069,10,8735,1676,2,0.4,1,1
2011,1831,4,8738,5903,4,0.8,1,1
2012,1831,1,8738,8270,2,0.4,1,1
2013,1818,8,8741,11672,4,0.8,1,1
2014,1818,9,8741,10135,1,0.2,1,1
2015,1662,2,8748,4684,5,1.0,1,1
2016,1662,8,8748,1741,2,0.4,1,1
2017,1662,4,8748,3422,2,0.4,1,1
2018,1514,4,8757,13995,3,0.6,1,1
2019,1722,2,8763,3559,1,0.2,1,1
2020,1258,5,8769,10010,1,0.2,1,1
2021,1560,10,8774,12888,4,0.8,1,1
2022,1841,2,8794,1322,3,0.6,1,1
2023,1473,10,8797,12607,4,0.8,1,1
2024,1808,4,8801,11977,1,0.2,1,1
2025,903,6,8802,909,2,0.4,1,1
2026,522,10,8803,7044,1,0.2,1,1
2027,1263,2,8804,3221,3,0.6,1,1
2028,1736,10,8806,11909,5,1.0,1,1
2029,1729,4,8816,14937,1,0.2,1,1
2030,1619,8,8817,2475,3,0.6,1,1
2031,1619,9,8817,8163,2,0.4,1,1
2032,1748,1,8830,9913,4,0.8,1,1
2033,1559,4,8830,12571,4,0.8,1,1
2034,976,6,8832,1577,1,0.2,1,1
2035,976,2,8832,15047,5,1.0,1,1
2036,1400,10,8835,6604,2,0.4,1,1
2037,1664,10,8844,181,3,0.6,1,1
2038,1664,1,8844,14731,4,0.8,1,1
2039,1017,6,8852,7254,3,0.6,1,1
2040,1632,8,8859,2506,5,1.0,1,1
2041,1632,3,8859,3028,1,0.2,1,1
2042,1630,2,8869,9654,5,1.0,1,1
2043,1839,1,8873,1557,3,0.6,1,1
2044,1450,4,8888,14180,2,0.4,1,1
2045,1450,3,8888,3487,2,0.4,1,1
2046,453,1,8907,105,2,0.4,1,1
2047,788,4,8907,12622,2,0.4,1,1
2048,1289,4,8913,6790,2,0.4,1,1
2049,1142,5,8919,13717,4,0.8,1,1
2050,1775,1,8935,11070,4,0.8,1,1
2051,1380,4,8937,2310,5,1.0,1,1
2052,1380,3,8937,13512,1,0.2,1,1
2053,1380,2,8937,4025,2,0.4,1,1
2054,1380,6,8937,7549,3,0.6,1,1
2055,618,7,8947,4547,2,0.4,1,1
2056,1573,2,8948,12554,2,0.4,1,1
2057,1406,8,8948,4030,4,0.8,1,1
2058,1406,1,8948,14810,2,0.4,1,1
2059,1382,6,8967,14360,1,0.2,1,1
2060,1270,9,8978,5270,2,0.4,1,1
2061,1758,7,8981,4729,1,0.2,1,1
2062,1691,2,8982,13855,2,0.4,1,1
2063,1691,4,8982,6209,1,0.2,1,1
2064,1691,3,8982,12724,4,0.8,1,1
2065,1691,2,8982,1367,4,0.8,1,1
2066,1415,4,8985,2212,2,0.4,1,1
2067,1658,5,8995,8828,5,1.0,1,1
2068,1658,9,8995,12738,5,1.0,1,1
2069,1563,10,8995,14453,5,1.0,1,1
2070,1563,6,8995,4643,4,0.8,1,1
2071,1766,3,9005,8594,5,1.0,1,1
2072,1766,9,9005,10391,5,1.0,1,1
2073,1785,4,9007,9564,4,0.8,1,1
2074,1420,7,9009,7021,2,0.4,1,1
2075,1420,10,9009,10084,4,0.8,1,1
2076,1420,5,9009,1060,3,0.6,1,1
2077,1420,5,9009,3944,5,1.0,1,1
2078,1549,4,9016,8136,1,0.2,1,1
2079,1558,4,9016,11957,4,0.8,1,1
2080,1558,5,9016,5927,4,0.8,1,1
2081,1799,9,9027,13040,4,0.8,1,1
2082,1318,2,9047,10111,5,1.0,1,1
2083,1452,2,9056,13606,2,0.4,1,1
2084,1452,1,9056,7039,2,0.4,1,1
2085,1841,9,9057,4309,1,0.2,1,1
2086,383,9,9068,13277,4,0.8,1,1
2087,683,7,9072,7011,5,1.0,1,1
2088,794,3,9077,3417,1,0.2,1,1
2089,794,9,9077,14884,2,0.4,1,1
2090,1744,9,9081,4889,2,0.4,1,1
2091,1744,3,9081,10352,2,0.4,1,1
2092,1455,1,9086,12556,5,1.0,1,1
2093,1455,10,9086,12595,5,1.0,1,1
2094,1455,2,9086,2115,2,0.4,1,1
2095,1455,9,9086,4217,5,1.0,1,1
2096,1637,2,9086,12987,3,0.6,1,1
2097,1637,9,9086,538,5,1.0,1,1
2098,1637,2,9086,1000,3,0.6,1,1
2099,1782,5,9093,14829,3,0.6,1,1
2100,429,9,9096,15047,2,0.4,1,1
2101,1791,3,9097,1353,1,0.2,1,1
2102,1385,7,9104,2652,4,0.8,1,1
2103,1496,4,9119,7234,2,0.4,1,1
2104,1790,4,9132,4368,1,0.2,1,1
2105,812,9,9135,1957,2,0.4,1,1
2106,1739,10,9135,2949,4,0.8,1,1
2107,1739,2,9135,1753,4,0.8,1,1
2108,612,9,9141,12666,1,0.2,1,1
2109,612,6,9141,13501,4,0.8,1,1
2110,1779,3,9145,12759,3,0.6,1,1
2111,1802,6,9162,15784,1,0.2,1,1
2112,1802,1,9162,5473,1,0.2,1,1
2113,1662,1,9184,7846,1,0.2,1,1
2114,1842,1,9198,26,1,0.2,1,1
2115,1834,6,9205,15970,2,0.4,1,1
2116,1542,10,9219,8647,1,0.2,1,1
2117,1537,2,9219,15414,2,0.4,1,1
2118,1808,8,9219,12289,1,0.2,1,1
2119,1808,8,9219,9595,5,1.0,1,1
2120,1018,6,9231,9213,1,0.2,1,1
2121,1638,10,9233,10456,1,0.2,1,1
2122,1426,3,9247,12547,3,0.6,1,1
2123,1397,6,9248,7076,4,0.8,1,1
2124,1794,2,9264,7731,5,1.0,1,1
2125,652,5,9270,11073,3,0.6,1,1
2126,652,5,9270,11476,2,0.4,1,1
2127,961,2,9270,3879,5,1.0,1,1
2128,961,3,9270,10852,5,1.0,1,1
2129,961,10,9270,10611,5,1.0,1,1
2130,961,8,9270,11686,3,0.6,1,1
2131,1679,8,9271,13882,5,1.0,1,1
2132,1828,2,9271,9760,2,0.4,1,1
2133,1828,3,9271,5617,3,0.6,1,1
2134,1828,9,9271,12917,5,1.0,1,1
2135,966,1,9280,4596,3,0.6,1,1
2136,1708,7,9292,7707,4,0.8,1,1
2137,1703,1,9293,3024,5,1.0,1,1
2138,1226,7,9305,2663,4,0.8,1,1
2139,1628,1,9308,11500,1,0.2,1,1
2140,1778,10,9311,9939,1,0.2,1,1
2141,1761,1,9311,6463,3,0.6,1,1
2142,1642,4,9316,3019,4,0.8,1,1
2143,1787,6,9351,13862,3,0.6,1,1
2144,1145,2,9355,5037,3,0.6,1,1
2145,1665,9,9355,2028,3,0.6,1,1
2146,1754,9,9359,9959,2,0.4,1,1
2147,1754,7,9359,8753,4,0.8,1,1
2148,1448,10,9383,7756,1,0.2,1,1
2149,1436,4,9383,642,4,0.8,1,1
2150,1436,3,9383,13755,3,0.6,1,1
2151,1759,9,9384,3393,2,0.4,1,1
2152,1489,6,9384,1170,3,0.6,1,1
2153,1489,1,9384,7974,3,0.6,1,1
2154,872,5,9386,6900,2,0.4,1,1
2155,872,10,9386,2425,4,0.8,1,1
2156,1090,1,9394,9692,5,1.0,1,1
2157,1062,1,9397,4407,4,0.8,1,1
2158,571,1,9397,12069,4,0.8,1,1
2159,1603,4,9398,14028,2,0.4,1,1
2160,1603,7,9398,2394,5,1.0,1,1
2161,1593,10,9402,3309,5,1.0,1,1
2162,1840,8,9404,3014,5,1.0,1,1
2163,1840,6,9404,14598,1,0.2,1,1
2164,1776,10,9409,10670,5,1.0,1,1
2165,1658,3,9419,10437,2,0.4,1,1
2166,1672,2,9420,4920,1,0.2,1,1
2167,1421,5,9423,4678,1,0.2,1,1
2168,1462,2,9425,6435,4,0.8,1,1
2169,1462,5,9425,13456,5,1.0,1,1
2170,1274,2,9426,10790,5,1.0,1,1
2171,1274,9,9426,10370,1,0.2,1,1
2172,969,5,9427,7474,3,0.6,1,1
2173,969,3,9427,12727,5,1.0,1,1
2174,1289,8,9428,8903,4,0.8,1,1
2175,1289,4,9428,10412,5,1.0,1,1
2176,936,4,9452,3229,4,0.8,1,1
2177,1313,4,9453,2672,5,1.0,1,1
2178,1225,2,9472,5739,4,0.8,1,1
2179,1225,5,9472,10161,2,0.4,1,1
2180,1225,3,9472,14524,1,0.2,1,1
2181,1225,3,9472,695,4,0.8,1,1
2182,1258,10,9485,10720,3,0.6,1,1
2183,1258,3,9485,825,5,1.0,1,1
2184,1258,10,9485,14532,3,0.6,1,1
2185,615,7,9486,15868,3,0.6,1,1
2186,615,3,9486,11116,1,0.2,1,1
2187,974,4,9502,5791,4,0.8,1,1
2188,974,3,9502,8828,3,0.6,1,1
2189,118,9,9505,11586,4,0.8,1,1
2190,1754,4,9547,4472,1,0.2,1,1
2191,1765,5,9547,11333,3,0.6,1,1
2192,1347,2,9548,9698,4,0.8,1,1
2193,1438,1,9553,8100,4,0.8,1,1
2194,1082,5,9556,12051,4,0.8,1,1
2195,1819,3,9563,2414,3,0.6,1,1
2196,1722,6,9565,7689,3,0.6,1,1
2197,1699,1,9569,3039,2,0.4,1,1
2198,665,7,9577,6370,2,0.4,1,1
2199,1833,6,9600,7169,3,0.6,1,1
2200,1596,9,9620,1225,2,0.4,1,1
2201,1569,5,9620,13245,2,0.4,1,1
2202,1569,1,9620,9746,1,0.2,1,1
2203,1394,8,9624,11853,4,0.8,1,1
2204,1841,5,9627,15887,4,0.8,1,1
2205,1841,5,9627,14731,3,0.6,1,1
2206,1815,9,9628,7633,5,1.0,1,1
2207,1782,9,9632,4876,5,1.0,1,1
2208,1561,1,9632,7948,2,0.4,1,1
2209,1711,2,9647,1007,3,0.6,1,1
2210,998,4,9649,3621,5,1.0,1,1
2211,1285,9,9649,9863,5,1.0,1,1
2212,634,3,9656,4355,3,0.6,1,1
2213,1684,6,9656,9889,2,0.4,1,1
2214,1137,8,9664,5365,5,1.0,1,1
2215,775,1,9674,1986,3,0.6,1,1
2216,1635,1,9676,13379,3,0.6,1,1
2217,1635,1,9676,6658,3,0.6,1,1
2218,1635,4,9676,1820,2,0.4,1,1
2219,191,4,9678,4898,2,0.4,1,1
2220,1831,6,9686,9207,2,0.4,1,1
2221,1831,9,9686,3794,3,0.6,1,1
2222,1136,10,9701,9356,3,0.6,1,1
2223,1136,2,9701,3091,4,0.8,1,1
2224,686,4,9712,3043,2,0.4,1,1
2225,1365,2,9738,11297,1,0.2,1,1
2226,1366,2,9739,11082,5,1.0,1,1
2227,1366,8,9739,356,5,1.0,1,1
2228,1366,8,9739,5130,1,0.2,1,1
2229,1223,9,9739,6238,1,0.2,1,1
2230,98,10,9745,13820,2,0.4,1,1
2231,1843,4,9747,9066,5,1.0,1,1
2232,1210,2,9764,15361,2,0.4,1,1
2233,1348,8,9769,899,2,0.4,1,1
2234,1165,3,9777,1573,4,0.8,1,1
2235,1165,6,9777,12159,2,0.4,1,1
2236,1165,1,9777,2407,4,0.8,1,1
2237,783,1,9778,12428,1,0.2,1,1
2238,864,2,9783,7226,5,1.0,1,1
2239,864,9,9783,6510,4,0.8,1,1
2240,864,6,9783,869,4,0.8,1,1
2241,864,2,9783,5415,4,0.8,1,1
2242,1635,9,9793,9685,4,0.8,1,1
2243,1635,9,9793,4011,5,1.0,1,1
2244,1551,1,9796,7071,1,0.2,1,1
2245,1534,3,9807,12378,2,0.4,1,1
2246,1265,1,9814,9221,1,0.2,1,1
2247,920,10,9826,15249,1,0.2,1,1
2248,1843,6,9831,6433,4,0.8,1,1
2249,1843,2,9831,5076,5,1.0,1,1
2250,769,3,9845,13743,5,1.0,1,1
2251,1394,9,9849,2362,1,0.2,1,1
2252,1658,4,9852,1798,4,0.8,1,1
2253,637,6,9864,11961,4,0.8,1,1
2254,1751,8,9880,9403,3,0.6,1,1
2255,1733,5,9917,8175,5,1.0,1,1
2256,1616,2,9917,14022,4,0.8,1,1
2257,1616,1,9917,7743,5,1.0,1,1
2258,1616,4,9917,8392,4,0.8,1,1
2259,1775,6,9920,3850,5,1.0,1,1
2260,1600,6,9925,2598,2,0.4,1,1
2261,1063,1,9933,2862,1,0.2,1,1
2262,1063,5,9933,1491,5,1.0,1,1
2263,1836,2,9937,4926,1,0.2,1,1
2264,1836,9,9937,8435,5,1.0,1,1
2265,1722,5,9944,2560,1,0.2,1,1
2266,1651,9,9947,4698,3,0.6,1,1
2267,1708,4,9949,939,2,0.4,1,1
2268,1247,7,9960,15525,5,1.0,1,1
2269,1247,8,9960,9652,3,0.6,1,1
2270,1247,1,9960,902,5,1.0,1,1
2271,1276,3,9962,12936,4,0.8,1,1
2272,1078,4,9971,11859,2,0.4,1,1
2273,1078,3,9971,12398,2,0.4,1,1
2274,868,10,9974,15696,5,1.0,1,1
2275,1799,9,10008,2490,2,0.4,1,1
2276,1788,2,10008,4441,2,0.4,1,1
2277,761,8,10013,10629,3,0.6,1,1
2278,761,6,10013,13265,3,0.6,1,1
2279,1717,7,10014,2603,1,0.2,1,1
2280,1717,2,10014,2367,3,0.6,1,1
2281,1717,1,10014,2687,3,0.6,1,1
2282,1717,3,10014,13689,5,1.0,1,1
2283,1843,9,10019,8915,4,0.8,1,1
2284,884,1,10025,3576,3,0.6,1,1
2285,884,1,10025,1492,3,0.6,1,1
2286,563,4,10026,11139,4,0.8,1,1
2287,563,7,10026,8800,4,0.8,1,1
2288,1129,7,10032,7318,1,0.2,1,1
2289,1305,9,10048,3320,1,0.2,1,1
2290,1305,2,10048,5426,2,0.4,1,1
2291,872,7,10049,4892,1,0.2,1,1
2292,872,1,10049,6309,2,0.4,1,1
2293,568,1,10060,492,5,1.0,1,1
2294,568,4,10060,1754,3,0.6,1,1
2295,568,7,10060,6908,4,0.8,1,1
2296,545,10,10060,1969,1,0.2,1,1
2297,1361,1,10064,11566,4,0.8,1,1
2298,1361,3,10064,13650,4,0.8,1,1
2299,1805,2,10064,805,3,0.6,1,1
2300,124,4,10066,12214,1,0.2,1,1
2301,1568,3,10070,15931,2,0.4,1,1
2302,1524,5,10083,8948,3,0.6,1,1
2303,1524,6,10083,12566,1,0.2,1,1
2304,1744,7,10085,12508,5,1.0,1,1
2305,1369,9,10087,13547,2,0.4,1,1
2306,1369,7,10087,2109,5,1.0,1,1
2307,1369,2,10087,13963,4,0.8,1,1
2308,1424,8,10095,13641,4,0.8,1,1
2309,1424,9,10095,15331,2,0.4,1,1
2310,1424,10,10095,9917,2,0.4,1,1
2311,1424,9,10095,10819,3,0.6,1,1
2312,1827,5,10100,14216,1,0.2,1,1
2313,1827,2,10100,6794,2,0.4,1,1
2314,1827,5,10100,9814,5,1.0,1,1
2315,1827,1,10100,3317,5,1.0,1,1
2316,1076,8,10100,9304,2,0.4,1,1
2317,1076,6,10100,9275,3,0.6,1,1
2318,825,4,10103,1239,4,0.8,1,1
2319,1754,9,10119,14386,5,1.0,1,1
2320,648,3,10121,14581,4,0.8,1,1
2321,648,1,10121,4933,2,0.4,1,1
2322,1612,4,10129,5777,3,0.6,1,1
2323,1837,10,10130,11721,1,0.2,1,1
2324,1837,1,10130,13804,1,0.2,1,1
2325,961,6,10138,6422,4,0.8,1,1
2326,1721,1,10154,6303,5,1.0,1,1
2327,1721,1,10154,9855,5,1.0,1,1
2328,1725,6,10156,3555,5,1.0,1,1
2329,1643,10,10157,12381,1,0.2,1,1
2330,1379,5,10159,2011,3,0.6,1,1
2331,1363,10,10166,4323,2,0.4,1,1
2332,1447,1,10169,368,4,0.8,1,1
2333,1447,5,10169,1233,5,1.0,1,1
2334,1753,3,10178,5377,4,0.8,1,1
2335,1753,10,10178,10630,5,1.0,1,1
2336,1206,10,10188,7463,4,0.8,1,1
2337,1206,10,10188,10345,5,1.0,1,1
2338,1476,7,10192,9303,3,0.6,1,1
2339,1018,9,10200,2469,5,1.0,1,1
2340,866,10,10202,12474,4,0.8,1,1
2341,701,2,10202,12433,5,1.0,1,1
2342,1630,5,10211,8021,2,0.4,1,1
2343,1041,9,10222,7825,3,0.6,1,1
2344,539,10,10224,6963,4,0.8,1,1
2345,539,10,10224,1137,2,0.4,1,1
2346,1828,3,10232,3832,3,0.6,1,1
2347,1099,10,10232,10834,1,0.2,1,1
2348,1099,5,10232,309,1,0.2,1,1
2349,1277,9,10235,4709,3,0.6,1,1
2350,1326,10,10244,13161,5,1.0,1,1
2351,1326,4,10244,7747,2,0.4,1,1
2352,1188,4,10252,14223,1,0.2,1,1
2353,1675,3,10258,3814,2,0.4,1,1
2354,1675,5,10258,7569,2,0.4,1,1
2355,1763,7,10258,1394,4,0.8,1,1
2356,1638,10,10258,6568,5,1.0,1,1
2357,1843,1,10266,9056,4,0.8,1,1
2358,999,10,10274,14400,1,0.2,1,1
2359,1400,9,10323,11065,4,0.8,1,1
2360,1400,3,10323,1911,4,0.8,1,1
2361,1632,2,10326,10443,4,0.8,1,1
2362,530,7,10327,12246,1,0.2,1,1
2363,530,8,10327,13486,2,0.4,1,1
2364,785,4,10329,14327,3,0.6,1,1
2365,1721,9,10340,4829,2,0.4,1,1
2366,1315,9,10340,8331,5,1.0,1,1
2367,1756,4,10369,9809,3,0.6,1,1
2368,1008,10,10369,9936,3,0.6,1,1
2369,1699,4,10395,9229,5,1.0,1,1
2370,1396,3,10407,531,5,1.0,1,1
2371,759,1,10411,2420,3,0.6,1,1
2372,1785,1,10421,6169,3,0.6,1,1
2373,1785,7,10421,13085,1,0.2,1,1
2374,1744,3,10432,145,5,1.0,1,1
2375,1615,10,10435,6752,4,0.8,1,1
2376,1615,6,10435,10511,1,0.2,1,1
2377,1615,9,10435,15423,2,0.4,1,1
2378,1473,7,10437,4496,5,1.0,1,1
2379,1772,6,10442,1697,5,1.0,1,1
2380,1599,3,10443,5815,4,0.8,1,1
2381,1599,5,10443,9364,1,0.2,1,1
2382,1599,9,10443,13129,4,0.8,1,1
2383,1452,10,10446,954,4,0.8,1,1
2384,1452,6,10446,14608,4,0.8,1,1
2385,810,2,10454,799,2,0.4,1,1
2386,1807,1,10463,11893,5,1.0,1,1
2387,1546,8,10474,1536,4,0.8,1,1
2388,1546,2,10474,14156,2,0.4,1,1
2389,1500,4,10475,9322,5,1.0,1,1
2390,1500,6,10475,8105,5,1.0,1,1
2391,1285,6,10485,9705,1,0.2,1,1
2392,1285,5,10485,14190,2,0.4,1,1
2393,1243,5,10486,4481,4,0.8,1,1
2394,1794,9,10495,13823,2,0.4,1,1
2395,1794,4,10495,7911,5,1.0,1,1
2396,1083,5,10496,2039,5,1.0,1,1
2397,1802,5,10504,5798,1,0.2,1,1
2398,1447,1,10509,4173,2,0.4,1,1
2399,1795,8,10510,15334,2,0.4,1,1
2400,1795,1,10510,10057,1,0.2,1,1
2401,1614,9,10519,9726,4,0.8,1,1
2402,1160,10,10520,5923,4,0.8,1,1
2403,1810,7,10524,10205,1,0.2,1,1
2404,1245,1,10547,415,1,0.2,1,1
2405,1840,7,10548,13034,5,1.0,1,1
2406,1840,4,10548,13153,1,0.2,1,1
2407,1840,2,10548,11139,2,0.4,1,1
2408,1579,10,10563,11782,3,0.6,1,1
2409,1579,1,10563,1476,1,0.2,1,1
2410,1579,2,10563,14378,4,0.8,1,1
2411,1155,9,10568,8328,1,0.2,1,1
2412,607,10,10576,6083,3,0.6,1,1
2413,1054,2,10585,2681,3,0.6,1,1
2414,1443,10,10587,5745,1,0.2,1,1
2415,959,6,10594,14274,1,0.2,1,1
2416,1528,8,10602,3817,4,0.8,1,1
2417,1528,3,10602,13220,5,1.0,1,1
2418,1783,4,10606,11696,5,1.0,1,1
2419,1378,8,10613,11014,4,0.8,1,1
2420,1378,3,10613,5759,1,0.2,1,1
2421,1378,6,10613,10560,2,0.4,1,1
2422,1668,5,10620,9755,3,0.6,1,1
2423,1668,1,10620,8598,4,0.8,1,1
2424,1104,8,10621,4921,4,0.8,1,1
2425,1018,10,10634,6813,3,0.6,1,1
2426,1818,7,10650,12908,2,0.4,1,1
2427,539,1,10653,6662,4,0.8,1,1
2428,1591,3,10677,6535,4,0.8,1,1
2429,1826,7,10679,907,2,0.4,1,1
2430,1692,10,10689,14754,2,0.4,1,1
2431,1692,6,10689,13355,1,0.2,1,1
2432,1675,9,10690,7870,1,0.2,1,1
2433,1707,8,10695,7018,4,0.8,1,1
2434,1707,7,10695,15890,1,0.2,1,1
2435,1282,3,10714,7868,5,1.0,1,1
2436,1282,10,10714,13019,1,0.2,1,1
2437,1828,5,10715,2195,1,0.2,1,1
2438,1328,7,10729,14555,5,1.0,1,1
2439,631,9,10731,6025,3,0.6,1,1
2440,1682,2,10736,538,2,0.4,1,1
2441,1682,4,10736,9631,2,0.4,1,1
2442,1771,8,10739,2083,2,0.4,1,1
2443,1705,2,10742,1141,2,0.4,1,1
2444,1693,6,10763,12615,3,0.6,1,1
2445,776,3,10768,9862,2,0.4,1,1
2446,680,6,10775,3471,4,0.8,1,1
2447,1046,2,10778,2196,4,0.8,1,1
2448,1176,9,10785,2672,1,0.2,1,1
2449,1353,8,10785,15301,1,0.2,1,1
2450,1293,4,10793,9172,2,0.4,1,1
2451,1293,2,10793,199,1,0.2,1,1
2452,1582,10,10803,4222,2,0.4,1,1
2453,631,1,10807,1864,4,0.8,1,1
2454,652,2,10810,7186,2,0.4,1,1
2455,345,7,10812,1000,2,0.4,1,1
2456,1617,9,10815,4612,3,0.6,1,1
2457,1617,3,10815,7844,4,0.8,1,1
2458,639,8,10821,5376,5,1.0,1,1
2459,1563,10,10844,10881,3,0.6,1,1
2460,1709,7,10844,12632,1,0.2,1,1
2461,1709,4,10844,8485,2,0.4,1,1
2462,1541,8,10860,13266,1,0.2,1,1
2463,1541,9,10860,1406,3,0.6,1,1
2464,1356,5,10864,15224,3,0.6,1,1
2465,1771,10,10867,8367,1,0.2,1,1
2466,1524,3,10867,10782,5,1.0,1,1
2467,1715,6,10872,9270,1,0.2,1,1
2468,1565,3,10887,10656,4,0.8,1,1
2469,385,5,10899,10727,5,1.0,1,1
2470,992,1,10910,13522,1,0.2,1,1
2471,1223,7,10912,681,3,0.6,1,1
2472,1626,5,10913,7461,1,0.2,1,1
2473,1608,4,10914,4149,4,0.8,1,1
2474,1776,4,10915,8212,3,0.6,1,1
2475,1653,2,10916,6629,4,0.8,1,1
2476,1615,8,10932,2434,5,1.0,1,1
2477,1643,2,10940,4905,2,0.4,1,1
2478,1798,8,10942,1446,4,0.8,1,1
2479,1513,9,10957,12742,2,0.4,1,1
2480,1513,3,10957,12855,1,0.2,1,1
2481,1304,1,10964,11760,2,0.4,1,1
2482,1175,2,10980,13093,4,0.8,1,1
2483,872,10,10981,1608,5,1.0,1,1
2484,1171,3,10983,1070,1,0.2,1,1
2485,795,4,10985,1424,3,0.6,1,1
2486,1233,9,10986,14093,4,0.8,1,1
2487,1233,3,10986,3951,5,1.0,1,1
2488,1046,9,10986,242,3,0.6,1,1
2489,1046,8,10986,1657,5,1.0,1,1
2490,1476,8,10994,9188,2,0.4,1,1
2491,1673,7,10995,11778,2,0.4,1,1
2492,1595,9,11009,12260,2,0.4,1,1
2493,585,2,11041,1140,5,1.0,1,1
2494,897,3,11041,7345,5,1.0,1,1
2495,1145,6,11048,9182,4,0.8,1,1
2496,1145,1,11048,14776,3,0.6,1,1
2497,1145,4,11048,1175,5,1.0,1,1
2498,1585,8,11067,9255,1,0.2,1,1
2499,1585,8,11067,1515,5,1.0,1,1
2500,1596,9,11078,8840,4,0.8,1,1
2501,1596,7,11078,930,1,0.2,1,1
2502,1136,8,11079,10143,4,0.8,1,1
2503,1738,1,11081,737,4,0.8,1,1
2504,1699,8,11087,1547,2,0.4,1,1
2505,1699,7,11087,6198,5,1.0,1,1
2506,1189,3,11088,1466,1,0.2,1,1
2507,811,6,11089,11166,1,0.2,1,1
2508,1723,7,11089,8164,5,1.0,1,1
2509,471,3,11089,12275,1,0.2,1,1
2510,1669,3,11098,7811,2,0.4,1,1
2511,1826,4,11103,6987,3,0.6,1,1
2512,1826,6,11103,2719,2,0.4,1,1
2513,1827,2,11111,1381,4,0.8,1,1
2514,941,6,11118,13886,1,0.2,1,1
2515,672,6,11127,11873,5,1.0,1,1
2516,1754,8,11128,12097,1,0.2,1,1
2517,1671,5,11134,14111,4,0.8,1,1
2518,882,10,11149,9471,2,0.4,1,1
2519,882,2,11149,14770,5,1.0,1,1
2520,882,3,11149,4226,1,0.2,1,1
2521,882,10,11149,1748,2,0.4,1,1
2522,1086,6,11155,6418,5,1.0,1,1
2523,1086,7,11155,9797,4,0.8,1,1
2524,1725,10,11162,9196,1,0.2,1,1
2525,1725,9,11162,6655,5,1.0,1,1
2526,1311,9,11165,8951,3,0.6,1,1
2527,1250,4,11169,10197,4,0.8,1,1
2528,1834,10,11182,320,5,1.0,1,1
2529,1356,9,11195,2728,3,0.6,1,1
2530,1801,9,11197,4011,1,0.2,1,1
2531,545,3,11209,13476,2,0.4,1,1
2532,1822,1,11215,14293,3,0.6,1,1
2533,1822,1,11215,5914,5,1.0,1,1
2534,212,4,11216,14421,5,1.0,1,1
2535,212,7,11216,907,5,1.0,1,1
2536,212,5,11216,8149,5,1.0,1,1
2537,1667,5,11228,1882,2,0.4,1,1
2538,1742,5,11232,3505,5,1.0,1,1
2539,184,6,11235,5916,5,1.0,1,1
2540,1539,9,11236,11663,5,1.0,1,1
2541,1539,2,11236,5299,1,0.2,1,1
2542,603,5,11249,1681,3,0.6,1,1
2543,603,8,11249,7123,5,1.0,1,1
2544,603,9,11249,9259,4,0.8,1,1
2545,1664,1,11252,2732,4,0.8,1,1
2546,1664,2,11252,14386,3,0.6,1,1
2547,1838,3,11254,12400,2,0.4,1,1
2548,1838,9,11254,11128,4,0.8,1,1
2549,1838,8,11254,14460,4,0.8,1,1
2550,1013,8,11261,2719,2,0.4,1,1
2551,451,9,11261,316,2,0.4,1,1
2552,1192,1,11263,1612,5,1.0,1,1
2553,859,8,11268,15044,3,0.6,1,1
2554,859,7,11268,55,1,0.2,1,1
2555,1533,10,11274,15429,1,0.2,1,1
2556,587,8,11278,13020,4,0.8,1,1
2557,923,10,11278,2225,5,1.0,1,1
2558,1774,8,11280,5272,4,0.8,1,1
2559,1453,9,11287,11232,2,0.4,1,1
2560,1316,10,11299,12380,5,1.0,1,1
2561,1116,7,11306,14860,5,1.0,1,1
2562,1116,8,11306,10395,2,0.4,1,1
2563,1116,3,11306,4308,3,0.6,1,1
2564,1116,9,11306,4740,5,1.0,1,1
2565,1143,4,11308,1624,4,0.8,1,1
2566,1143,1,11308,900,5,1.0,1,1
2567,1171,6,11311,12613,5,1.0,1,1
2568,1171,1,11311,10485,4,0.8,1,1
2569,1171,3,11311,12769,2,0.4,1,1
2570,1673,6,11312,59,1,0.2,1,1
2571,1673,5,11312,4617,1,0.2,1,1
2572,1434,6,11343,8710,4,0.8,1,1
2573,1704,7,11354,1638,5,1.0,1,1
2574,1704,6,11354,10287,4,0.8,1,1
2575,1704,10,11354,3064,1,0.2,1,1
2576,1695,1,11355,5663,1,0.2,1,1
2577,981,3,11358,9352,3,0.6,1,1
2578,981,9,11358,9190,2,0.4,1,1
2579,981,6,11358,14056,3,0.6,1,1
2580,981,5,11358,3874,3,0.6,1,1
2581,1191,3,11366,5202,5,1.0,1,1
2582,1200,7,11372,6446,4,0.8,1,1
2583,1200,10,11372,8651,4,0.8,1,1
2584,585,4,11372,12308,2,0.4,1,1
2585,1775,6,11377,13200,5,1.0,1,1
2586,1775,5,11377,2942,2,0.4,1,1
2587,1775,4,11377,4361,2,0.4,1,1
2588,1775,9,11377,4773,5,1.0,1,1
2589,1809,5,11385,3662,4,0.8,1,1
2590,1037,4,11386,7832,2,0.4,1,1
2591,1477,9,11386,2808,5,1.0,1,1
2592,1149,2,11391,5980,3,0.6,1,1
2593,1416,7,11405,11473,2,0.4,1,1
2594,1519,5,11408,12741,1,0.2,1,1
2595,1591,6,11416,9219,2,0.4,1,1
2596,1605,9,11417,11139,3,0.6,1,1
2597,1781,8,11418,2821,2,0.4,1,1
2598,1682,6,11419,2440,4,0.8,1,1
2599,1506,3,11435,3865,5,1.0,1,1
2600,1405,3,11435,9427,4,0.8,1,1
2601,1405,10,11435,9903,2,0.4,1,1
2602,1405,4,11435,10565,3,0.6,1,1
2603,1427,9,11440,100,5,1.0,1,1
2604,1293,6,11451,9822,1,0.2,1,1
2605,1768,4,11462,14288,5,1.0,1,1
2606,1321,2,11467,2004,5,1.0,1,1
2607,1468,7,11472,10536,3,0.6,1,1
2608,1759,6,11473,826,1,0.2,1,1
2609,1821,8,11479,1817,5,1.0,1,1
2610,1716,5,11485,13714,4,0.8,1,1
2611,1746,9,11486,3969,3,0.6,1,1
2612,1791,1,11494,2867,5,1.0,1,1
2613,1791,6,11494,43,4,0.8,1,1
2614,301,5,11495,2921,3,0.6,1,1
2615,301,4,11495,4062,1,0.2,1,1
2616,301,4,11495,13167,3,0.6,1,1
2617,301,10,11495,1055,1,0.2,1,1
2618,398,9,11495,1706,5,1.0,1,1
2619,1375,2,11500,12176,1,0.2,1,1
2620,1375,8,11500,14067,5,1.0,1,1
2621,1751,8,11503,2619,2,0.4,1,1
2622,1786,1,11506,12949,2,0.4,1,1
2623,1186,9,11514,4745,3,0.6,1,1
2624,1822,10,11518,14859,2,0.4,1,1
2625,1288,5,11521,12327,1,0.2,1,1
2626,1288,2,11521,2535,3,0.6,1,1
2627,1288,4,11521,8682,4,0.8,1,1
2628,1288,5,11521,14668,1,0.2,1,1
2629,1512,6,11527,6392,3,0.6,1,1
2630,1725,8,11548,5480,1,0.2,1,1
2631,1683,6,11551,10689,3,0.6,1,1
2632,908,4,11559,8247,1,0.2,1,1
2633,908,4,11559,1490,2,0.4,1,1
2634,1644,6,11560,4313,5,1.0,1,1
2635,443,4,11563,6392,4,0.8,1,1
2636,1577,8,11568,13666,5,1.0,1,1
2637,1830,2,11569,10731,2,0.4,1,1
2638,1830,7,11569,6394,4,0.8,1,1
2639,1830,6,11569,11120,1,0.2,1,1
2640,1830,1,11569,2867,5,1.0,1,1
2641,1819,5,11572,10287,2,0.4,1,1
2642,1564,2,11574,14460,3,0.6,1,1
2643,1564,2,11574,1130,1,0.2,1,1
2644,1541,6,11574,427,2,0.4,1,1
2645,1279,8,11576,78,4,0.8,1,1
2646,1279,10,11576,1523,5,1.0,1,1
2647,1380,2,11584,9357,5,1.0,1,1
2648,1380,9,11584,4227,4,0.8,1,1
2649,1838,9,11598,2235,1,0.2,1,1
2650,1836,10,11603,3564,2,0.4,1,1
2651,1792,8,11605,12535,1,0.2,1,1
2652,1792,5,11605,7445,3,0.6,1,1
2653,1792,3,11605,15075,2,0.4,1,1
2654,1458,9,11612,9018,5,1.0,1,1
2655,603,9,11622,11690,3,0.6,1,1
2656,603,7,11622,7233,2,0.4,1,1
2657,1840,3,11637,14215,3,0.6,1,1
2658,1840,9,11637,169,4,0.8,1,1
2659,1840,7,11637,15042,1,0.2,1,1
2660,1840,6,11637,8466,5,1.0,1,1
2661,1768,9,11641,12475,4,0.8,1,1
2662,447,8,11643,11015,5,1.0,1,1
2663,447,8,11643,7010,3,0.6,1,1
2664,447,5,11643,7118,2,0.4,1,1
2665,1398,3,11649,10784,4,0.8,1,1
2666,1398,6,11649,170,5,1.0,1,1
2667,1398,6,11649,5478,3,0.6,1,1
2668,1048,9,11649,13838,3,0.6,1,1
2669,503,10,11649,9049,4,0.8,1,1
2670,1842,6,11655,11671,3,0.6,1,1
2671,562,10,11657,12118,3,0.6,1,1
2672,562,3,11657,9311,5,1.0,1,1
2673,1523,3,11664,4735,3,0.6,1,1
2674,1813,10,11664,13787,1,0.2,1,1
2675,1722,2,11678,12277,4,0.8,1,1
2676,1722,6,11678,7032,1,0.2,1,1
2677,1841,3,11681,15707,1,0.2,1,1
2678,1841,1,11681,11604,1,0.2,1,1
2679,1841,3,11681,2159,3,0.6,1,1
2680,1692,6,11686,15418,2,0.4,1,1
2681,521,10,11712,5451,2,0.4,1,1
2682,1729,2,11729,3163,2,0.4,1,1
2683,1598,3,11729,3216,1,0.2,1,1
2684,1728,6,11730,10679,3,0.6,1,1
2685,784,2,11734,13409,2,0.4,1,1
2686,1368,1,11737,2921,3,0.6,1,1
2687,1368,6,11737,10151,4,0.8,1,1
2688,1368,1,11737,3164,5,1.0,1,1
2689,1828,4,11738,7675,4,0.8,1,1
2690,1828,9,11738,1947,2,0.4,1,1
2691,1506,2,11744,279,3,0.6,1,1
2692,1506,5,11744,13878,3,0.6,1,1
2693,1506,9,11744,70,5,1.0,1,1
2694,1194,10,11746,15243,4,0.8,1,1
2695,1194,7,11746,733,5,1.0,1,1
2696,1194,10,11746,14490,4,0.8,1,1
2697,1194,3,11746,7813,4,0.8,1,1
2698,144,4,11749,2168,4,0.8,1,1
2699,711,8,11759,1419,4,0.8,1,1
2700,1268,5,11761,6558,4,0.8,1,1
2701,595,3,11769,12748,1,0.2,1,1
2702,595,3,11769,15904,3,0.6,1,1
2703,653,9,11771,12827,2,0.4,1,1
2704,653,6,11771,12135,3,0.6,1,1
2705,1839,4,11790,7120,1,0.2,1,1
2706,1839,9,11790,14348,2,0.4,1,1
2707,1821,3,11790,6319,5,1.0,1,1
2708,1842,2,11795,14077,2,0.4,1,1
2709,1135,4,11804,2338,1,0.2,1,1
2710,1495,3,11804,4002,2,0.4,1,1
2711,1383,10,11811,14106,2,0.4,1,1
2712,1383,1,11811,1165,3,0.6,1,1
2713,1383,10,11811,8434,1,0.2,1,1
2714,1654,1,11814,1353,4,0.8,1,1
2715,1654,1,11814,4878,1,0.2,1,1
2716,1746,9,11837,11884,2,0.4,1,1
2717,799,7,11845,12590,3,0.6,1,1
2718,799,8,11845,2689,2,0.4,1,1
2719,799,4,11845,6812,5,1.0,1,1
2720,1650,8,11850,15681,3,0.6,1,1
2721,1228,1,11852,11385,5,1.0,1,1
2722,1228,3,11852,1251,4,0.8,1,1
2723,1356,7,11852,9239,5,1.0,1,1
2724,1356,2,11852,8074,4,0.8,1,1
2725,1074,3,11854,5096,2,0.4,1,1
2726,967,6,11860,2272,4,0.8,1,1
2727,1724,8,11865,6098,3,0.6,1,1
2728,1724,5,11865,1946,3,0.6,1,1
2729,1724,9,11865,5785,3,0.6,1,1
2730,1700,8,11868,3353,2,0.4,1,1
2731,989,7,11871,11344,2,0.4,1,1
2732,1758,10,11878,8896,1,0.2,1,1
2733,1758,6,11878,12808,2,0.4,1,1
2734,1838,10,11892,7111,1,0.2,1,1
2735,1682,9,11925,8303,4,0.8,1,1
2736,899,7,11926,2131,5,1.0,1,1
2737,837,4,11949,2938,1,0.2,1,1
2738,1054,7,11958,5446,1,0.2,1,1
2739,1054,9,11958,687,2,0.4,1,1
2740,1779,8,11959,12450,1,0.2,1,1
2741,1607,8,11962,11782,2,0.4,1,1
2742,1703,2,11966,8146,4,0.8,1,1
2743,1577,4,11972,9939,2,0.4,1,1
2744,1760,8,12018,5067,2,0.4,1,1
2745,1328,10,12020,13211,5,1.0,1,1
2746,1417,3,12021,9769,1,0.2,1,1
2747,1417,6,12021,8410,2,0.4,1,1
2748,1417,3,12021,4833,2,0.4,1,1
2749,1417,10,12021,13189,5,1.0,1,1
2750,342,10,12026,10076,2,0.4,1,1
2751,342,7,12026,14237,2,0.4,1,1
2752,812,2,12042,3645,4,0.8,1,1
2753,1519,6,12048,3293,5,1.0,1,1
2754,1519,2,12048,1906,3,0.6,1,1
2755,491,4,12054,12347,5,1.0,1,1
2756,1584,9,12055,2586,2,0.4,1,1
2757,1584,4,12055,6840,2,0.4,1,1
2758,1116,6,12056,6791,3,0.6,1,1
2759,1832,4,12057,13993,5,1.0,1,1
2760,563,9,12071,10127,2,0.4,1,1
2761,563,6,12071,4335,5,1.0,1,1
2762,563,5,12071,5323,3,0.6,1,1
2763,563,7,12071,8794,1,0.2,1,1
2764,1512,8,12072,14221,4,0.8,1,1
2765,1758,8,12077,9879,2,0.4,1,1
2766,857,3,12078,12695,4,0.8,1,1
2767,916,5,12083,12588,2,0.4,1,1
2768,916,1,12083,15418,5,1.0,1,1
2769,916,6,12083,3005,3,0.6,1,1
2770,916,5,12083,4923,5,1.0,1,1
2771,1391,8,12086,872,5,1.0,1,1
2772,1687,2,12089,6572,2,0.4,1,1
2773,576,8,12093,13534,5,1.0,1,1
2774,960,10,12093,2853,4,0.8,1,1
2775,68,1,12096,14163,2,0.4,1,1
2776,68,10,12096,963,2,0.4,1,1
2777,1823,8,12097,2468,1,0.2,1,1
2778,1823,3,12097,1534,1,0.2,1,1
2779,1823,6,12097,1615,2,0.4,1,1
2780,1329,10,12105,13766,4,0.8,1,1
2781,1457,9,12119,11369,4,0.8,1,1
2782,1134,2,12128,1585,2,0.4,1,1
2783,1753,8,12131,7326,3,0.6,1,1
2784,1837,3,12131,943,5,1.0,1,1
2785,1008,9,12141,5487,5,1.0,1,1
2786,1421,4,12143,11763,2,0.4,1,1
2787,1779,3,12153,14004,1,0.2,1,1
2788,1779,2,12153,5029,2,0.4,1,1
2789,1767,6,12153,8883,4,0.8,1,1
2790,1767,1,12153,2954,5,1.0,1,1
2791,547,4,12183,14043,2,0.4,1,1
2792,547,1,12183,2838,1,0.2,1,1
2793,1395,5,12195,5785,5,1.0,1,1
2794,1749,8,12198,6477,5,1.0,1,1
2795,1749,8,12198,12421,5,1.0,1,1
2796,1749,9,12198,1833,5,1.0,1,1
2797,1303,10,12211,5477,4,0.8,1,1
2798,1333,6,12214,10632,2,0.4,1,1
2799,1840,6,12215,11599,5,1.0,1,1
2800,1595,6,12220,10270,2,0.4,1,1
2801,1663,4,12223,4794,5,1.0,1,1
2802,1436,7,12233,10034,1,0.2,1,1
2803,1814,1,12240,11304,2,0.4,1,1
2804,996,1,12243,3054,3,0.6,1,1
2805,1706,5,12247,9997,2,0.4,1,1
2806,1706,7,12247,6584,1,0.2,1,1
2807,1706,10,12247,10057,5,1.0,1,1
2808,1809,6,12247,12365,1,0.2,1,1
2809,546,8,12251,13670,1,0.2,1,1
2810,1759,6,12253,15787,2,0.4,1,1
2811,1841,4,12255,2642,5,1.0,1,1
2812,1570,2,12258,5890,1,0.2,1,1
2813,1642,3,12268,9298,5,1.0,1,1
2814,1370,3,12268,11653,5,1.0,1,1
2815,1536,6,12269,12572,1,0.2,1,1
2816,1486,2,12269,243,3,0.6,1,1
2817,1158,4,12275,15281,4,0.8,1,1
2818,271,5,12285,12436,5,1.0,1,1
2819,271,4,12285,6373,1,0.2,1,1
2820,654,10,12286,1414,2,0.4,1,1
2821,1424,1,12286,2299,5,1.0,1,1
2822,1769,7,12287,10384,4,0.8,1,1
2823,1108,2,12288,7386,2,0.4,1,1
2824,1780,10,12290,3434,4,0.8,1,1
2825,1566,2,12295,6788,5,1.0,1,1
2826,1646,2,12295,3378,2,0.4,1,1
2827,1818,7,12296,12586,1,0.2,1,1
2828,1762,3,12305,9028,2,0.4,1,1
2829,1762,2,12305,10829,2,0.4,1,1
2830,1654,3,12311,9287,1,0.2,1,1
2831,923,8,12323,5457,4,0.8,1,1
2832,1597,8,12331,2622,2,0.4,1,1
2833,1151,1,12331,11038,1,0.2,1,1
2834,1454,10,12344,14100,1,0.2,1,1
2835,1363,2,12354,2868,1,0.2,1,1
2836,1706,7,12365,12150,4,0.8,1,1
2837,1706,2,12365,8272,2,0.4,1,1
2838,1706,3,12365,7842,1,0.2,1,1
2839,946,2,12370,3308,5,1.0,1,1
2840,946,1,12370,3534,4,0.8,1,1
2841,1384,3,12370,12795,3,0.6,1,1
2842,1676,9,12377,7837,4,0.8,1,1
2843,1468,4,12380,7784,2,0.4,1,1
2844,1634,10,12386,7783,2,0.4,1,1
2845,1475,1,12386,2504,3,0.6,1,1
2846,1713,10,12389,13113,2,0.4,1,1
2847,1713,7,12389,1328,4,0.8,1,1
2848,1480,6,12390,3767,2,0.4,1,1
2849,1286,9,12427,14119,1,0.2,1,1
2850,1286,3,12427,10398,4,0.8,1,1
2851,1743,5,12461,6526,5,1.0,1,1
2852,1814,2,12472,13300,2,0.4,1,1
2853,1231,5,12473,11113,2,0.4,1,1
2854,1431,2,12475,7776,1,0.2,1,1
2855,724,5,12484,12727,1,0.2,1,1
2856,724,9,12484,568,4,0.8,1,1
2857,607,9,12485,14901,2,0.4,1,1
2858,607,6,12485,9852,1,0.2,1,1
2859,607,10,12485,8344,3,0.6,1,1
2860,607,3,12485,8259,2,0.4,1,1
2861,1806,10,12491,8554,3,0.6,1,1
2862,1806,7,12491,5579,2,0.4,1,1
2863,772,1,12500,4900,5,1.0,1,1
2864,772,4,12500,11183,3,0.6,1,1
2865,772,6,12500,2334,4,0.8,1,1
2866,751,2,12504,198,1,0.2,1,1
2867,751,4,12504,6086,5,1.0,1,1
2868,731,10,12504,12265,3,0.6,1,1
2869,1768,3,12510,9175,5,1.0,1,1
2870,1491,8,12516,12033,1,0.2,1,1
2871,1643,2,12528,11170,2,0.4,1,1
2872,1643,8,12528,13179,1,0.2,1,1
2873,1643,3,12528,5802,3,0.6,1,1
2874,1820,4,12535,11221,4,0.8,1,1
2875,1820,6,12535,15955,5,1.0,1,1
2876,1840,6,12542,10437,5,1.0,1,1
2877,1764,6,12543,14542,4,0.8,1,1
2878,1764,5,12543,14352,2,0.4,1,1
2879,1769,4,12552,10096,1,0.2,1,1
2880,1768,5,12553,6031,1,0.2,1,1
2881,1764,3,12555,10548,1,0.2,1,1
2882,1572,3,12559,5927,4,0.8,1,1
2883,306,1,12561,4243,4,0.8,1,1
2884,1773,2,12577,10264,3,0.6,1,1
2885,1246,10,12591,13896,2,0.4,1,1
2886,1259,8,12595,9203,2,0.4,1,1
2887,675,9,12597,3229,4,0.8,1,1
2888,675,5,12597,614,1,0.2,1,1
2889,1826,3,12608,5102,5,1.0,1,1
2890,1620,10,12614,9701,1,0.2,1,1
2891,1620,8,12614,1456,1,0.2,1,1
2892,1567,7,12619,1853,4,0.8,1,1
2893,519,10,12642,12296,1,0.2,1,1
2894,1834,7,12652,2331,2,0.4,1,1
2895,1492,3,12694,11154,2,0.4,1,1
2896,1370,5,12696,12689,5,1.0,1,1
2897,1370,2,12696,8440,3,0.6,1,1
2898,1786,6,12703,1977,3,0.6,1,1
2899,1754,3,12715,2255,1,0.2,1,1
2900,1621,4,12728,8743,3,0.6,1,1
2901,503,1,12735,7174,2,0.4,1,1
2902,503,1,12735,3545,1,0.2,1,1
2903,503,1,12735,1240,5,1.0,1,1
2904,503,6,12735,9608,4,0.8,1,1
2905,1788,8,12740,10056,5,1.0,1,1
2906,1788,8,12740,2307,3,0.6,1,1
2907,1473,7,12748,15842,3,0.6,1,1
2908,1473,10,12748,9121,1,0.2,1,1
2909,1473,6,12748,767,4,0.8,1,1
2910,1473,10,12748,3305,3,0.6,1,1
2911,1221,6,12758,15704,3,0.6,1,1
2912,1221,7,12758,9744,2,0.4,1,1
2913,1221,4,12758,11338,3,0.6,1,1
2914,1682,8,12771,11144,1,0.2,1,1
2915,1627,3,12773,14192,3,0.6,1,1
2916,1627,8,12773,13653,4,0.8,1,1
2917,962,1,12781,8986,1,0.2,1,1
2918,962,1,12781,14706,5,1.0,1,1
2919,1268,1,12801,576,1,0.2,1,1
2920,868,9,12802,7744,1,0.2,1,1
2921,1377,1,12803,10121,2,0.4,1,1
2922,1377,1,12803,6800,4,0.8,1,1
2923,1377,9,12803,4893,2,0.4,1,1
2924,1563,2,12807,8889,4,0.8,1,1
2925,1563,7,12807,11872,3,0.6,1,1
2926,1563,2,12807,4,4,0.8,1,1
2927,1563,3,12807,4808,4,0.8,1,1
2928,1712,9,12809,10524,1,0.2,1,1
2929,1712,9,12809,15336,1,0.2,1,1
2930,1842,9,12812,13289,1,0.2,1,1
2931,1842,6,12812,8152,4,0.8,1,1
2932,1842,2,12812,4721,2,0.4,1,1
2933,1568,10,12828,14118,1,0.2,1,1
2934,1568,2,12828,14334,3,0.6,1,1
2935,772,1,12828,369,4,0.8,1,1
2936,743,2,12830,12643,2,0.4,1,1
2937,1795,9,12847,11006,1,0.2,1,1
2938,1693,7,12859,8724,4,0.8,1,1
2939,1693,2,12859,8494,2,0.4,1,1
2940,1651,1,12860,14597,4,0.8,1,1
2941,1648,4,12865,7832,3,0.6,1,1
2942,1446,2,12866,6763,1,0.2,1,1
2943,1446,5,12866,6644,3,0.6,1,1
2944,1511,9,12872,3585,3,0.6,1,1
2945,1773,8,12880,6616,3,0.6,1,1
2946,1773,4,12880,1667,4,0.8,1,1
2947,876,3,12889,12772,1,0.2,1,1
2948,876,4,12889,13573,1,0.2,1,1
2949,1599,1,12895,13859,5,1.0,1,1
2950,1599,7,12895,3574,2,0.4,1,1
2951,1599,6,12895,13479,5,1.0,1,1
2952,1517,9,12895,4019,3,0.6,1,1
2953,1274,8,12909,8632,4,0.8,1,1
2954,900,7,12922,13750,5,1.0,1,1
2955,900,5,12922,1700,4,0.8,1,1
2956,900,1,12922,7330,2,0.4,1,1
2957,1151,2,12922,4388,5,1.0,1,1
2958,1580,1,12926,15297,3,0.6,1,1
2959,1129,4,12936,7636,2,0.4,1,1
2960,1731,10,12961,8538,4,0.8,1,1
2961,1818,3,12972,9967,4,0.8,1,1
2962,1770,5,12972,3365,4,0.8,1,1
2963,1267,7,12987,1319,4,0.8,1,1
2964,1809,3,12993,14740,1,0.2,1,1
2965,1809,6,12993,2262,5,1.0,1,1
2966,1809,2,12993,13946,5,1.0,1,1
2967,1809,4,12993,7733,2,0.4,1,1
2968,797,8,12993,14308,1,0.2,1,1
2969,797,1,12993,737,1,0.2,1,1
2970,797,5,12993,3843,4,0.8,1,1
2971,797,7,12993,5550,4,0.8,1,1
2972,1563,2,13004,11888,3,0.6,1,1
2973,1539,6,13008,7265,5,1.0,1,1
2974,1653,1,13008,14358,1,0.2,1,1
2975,1685,2,13016,12746,1,0.2,1,1
2976,1209,8,13019,6055,5,1.0,1,1
2977,1804,8,13019,3114,4,0.8,1,1
2978,1734,2,13023,10617,3,0.6,1,1
2979,1661,1,13023,5063,1,0.2,1,1
2980,1749,5,13023,15174,5,1.0,1,1
2981,1035,4,13037,215,5,1.0,1,1
2982,1035,9,13037,1914,1,0.2,1,1
2983,1035,10,13037,12978,3,0.6,1,1
2984,802,10,13040,14329,1,0.2,1,1
2985,1540,6,13043,471,2,0.4,1,1
2986,1664,2,13054,13640,3,0.6,1,1
2987,1664,3,13054,6700,1,0.2,1,1
2988,1152,5,13056,15030,5,1.0,1,1
2989,1749,10,13063,13796,5,1.0,1,1
2990,1730,1,13067,13345,5,1.0,1,1
2991,1128,5,13076,9369,5,1.0,1,1
2992,1128,8,13076,10947,4,0.8,1,1
2993,1128,10,13076,6579,5,1.0,1,1
2994,1448,8,13089,10857,2,0.4,1,1
2995,1037,2,13090,5286,2,0.4,1,1
2996,1013,8,13096,7054,5,1.0,1,1
2997,1013,8,13096,3109,1,0.2,1,1
2998,1418,7,13103,1900,4,0.8,1,1
2999,1053,10,13114,10950,5,1.0,1,1
3000,1053,5,13114,11004,1,0.2,1,1
